expNum,age,gender,ingroupNorm,bothShown,ingroupFirst,response,rating,understandingCheckResponse,understandingCheckOrder,responseTime,understandingCheckTime,elapsedTime,utcTime,RepublicanRating,DemocraticRating,topIssue,topIssueRating,identityIngroupResponse,identityOutgroupResponse,ingroupAgree,outgroupDisagree
Exp 1,55,male,0,1,0,1,0,1,4231,25.12,25.153,133.365,"Sun, 25 Mar 2018 23:55:37 GMT",NA,NA,0,2,7,1,1,1
Exp 1,23,male,0,1,1,6,1,1,1423,27.985,20.706,123.784,"Sun, 25 Mar 2018 23:48:51 GMT",NA,NA,3,9,5,3,1,1
Exp 1,23,female,0,1,1,5,0,1,4123,53.016,32.602,188.742,"Sun, 25 Mar 2018 23:29:23 GMT",NA,NA,3,10,4,2,0,1
Exp 1,25,female,1,1,0,1,0,1,4231,28.356,18.463,109.784,"Sun, 25 Mar 2018 23:27:12 GMT",NA,NA,0,0,7,1,1,1
Exp 1,43,male,0,1,0,1,2,3,2413,10.68,11.744,94.164,"Mon, 26 Mar 2018 00:20:34 GMT",NA,NA,3,6,7,5,1,0
Exp 1,29,male,0,0,0,6,0,1,1234,33.265,24.61,158.937,"Sun, 25 Mar 2018 23:44:08 GMT",NA,NA,0,7,1,4,0,0
Exp 1,38,female,1,1,0,6,3,1,2431,28.472,50.072,508.334,"Sun, 25 Mar 2018 23:50:33 GMT",NA,NA,3,10,5,1,1,1
Exp 1,23,female,0,1,0,3,-1,1,4132,28.906,58.454,157.292,"Sun, 25 Mar 2018 23:27:26 GMT",NA,NA,0,7,5,6,1,0
Exp 1,47,female,0,0,0,4,1,1,2341,33.066,18.298,134.804,"Mon, 26 Mar 2018 00:14:03 GMT",NA,NA,0,8,6,2,1,1
Exp 1,25,female,1,1,1,4,-1,1,4213,36.03,17.593,126.548,"Mon, 26 Mar 2018 00:06:38 GMT",NA,NA,2,0,6,2,1,1
Exp 1,37,female,0,0,0,1,0,1,3124,18.96,12.849,92.127,"Mon, 26 Mar 2018 00:17:32 GMT",NA,NA,0,10,4,1,0,1
Exp 1,61,female,0,0,0,1,-1,1,4312,20.901,21.179,141.834,"Sun, 25 Mar 2018 23:44:09 GMT",NA,NA,2,0,2,2,0,1
Exp 1,56,male,1,1,0,4,2,1,1324,53.65,22.43,183.362,"Mon, 26 Mar 2018 00:22:57 GMT",NA,NA,2,0,7,1,1,1
Exp 1,30,female,1,1,0,4,-1,1,4312,34.496,17.666,150.463,"Sun, 25 Mar 2018 23:53:38 GMT",NA,NA,0,9,6,1,1,1
Exp 1,40,female,0,1,0,1,3,1,2341,33.096,46.306,193.491,"Mon, 26 Mar 2018 00:15:35 GMT",NA,NA,2,4,4,1,0,1
Exp 1,29,male,0,1,1,1,0,1,4132,20.108,9.787,68.408,"Sun, 25 Mar 2018 22:33:29 GMT",NA,NA,3,10,7,1,1,1
Exp 1,30,male,0,1,0,6,1,1,4213,29.148,43.643,147.848,"Sun, 25 Mar 2018 23:40:39 GMT",NA,NA,0,7,2,5,0,0
Exp 1,25,male,1,0,0,6,2,1,3412,30.293,19.422,447.828,"Sun, 25 Mar 2018 23:37:26 GMT",NA,NA,0,10,6,2,1,1
Exp 1,50,male,1,1,1,2,2,1,4321,38.47,16.781,254.131,"Sun, 25 Mar 2018 23:33:55 GMT",NA,NA,8,0,6,2,1,1
Exp 1,22,male,0,0,0,5,0,1,3214,78.185,33.398,204.631,"Sun, 25 Mar 2018 23:57:56 GMT",NA,NA,5,10,7,1,1,1
Exp 1,31,male,0,1,1,1,-1,1,4123,10.704,11.218,61.767,"Mon, 26 Mar 2018 02:01:25 GMT",NA,NA,5,7,6,3,1,1
Exp 1,43,female,1,1,0,2,2,1,1234,36.444,27.143,148.005,"Mon, 26 Mar 2018 00:26:34 GMT",NA,NA,0,0,6,2,1,1
Exp 1,41,male,0,1,1,3,1,1,3142,22.009,17.209,89.406,"Mon, 26 Mar 2018 00:12:45 GMT",NA,NA,5,8,6,2,1,1
Exp 1,64,male,0,0,0,6,0,1,4213,31.91,26.156,138.692,"Sun, 25 Mar 2018 23:58:55 GMT",NA,NA,8,10,7,1,1,1
Exp 1,28,female,1,0,0,3,0,1,4312,6.19,16.977,64.268,"Sun, 25 Mar 2018 23:26:41 GMT",NA,NA,5,10,5,5,1,0
Exp 1,31,male,0,1,1,4,0,1,2341,48.13,23.334,234.24,"Sun, 25 Mar 2018 23:36:22 GMT",NA,NA,5,7,6,2,1,1
Exp 1,35,male,0,0,0,1,2,1,4321,23.94,20.094,93.228,"Mon, 26 Mar 2018 00:02:55 GMT",NA,NA,3,10,7,1,1,1
Exp 1,45,female,0,0,0,1,3,1,1243,14.329,15.465,92.479,"Sun, 25 Mar 2018 23:35:26 GMT",NA,NA,8,10,7,1,1,1
Exp 1,60,male,1,1,0,2,0,1,1234,15.251,10.359,99.047,"Sun, 25 Mar 2018 23:43:38 GMT",NA,NA,2,0,7,1,1,1
Exp 1,22,male,0,1,1,3,-1,1,3421,14.978,18.013,90.766,"Mon, 26 Mar 2018 00:27:59 GMT",NA,NA,5,10,7,7,1,0
Exp 1,66,female,1,1,1,2,-1,1,2413,52.998,27.486,223.644,"Mon, 26 Mar 2018 00:08:23 GMT",NA,NA,3,10,6,2,1,1
Exp 1,54,female,1,1,1,5,2,1,3241,15.2,12.198,82.811,"Sun, 25 Mar 2018 23:39:18 GMT",NA,NA,2,0,1,1,0,1
Exp 1,45,female,1,0,0,4,-1,1,1423,29.243,20.098,111.386,"Sun, 25 Mar 2018 23:27:35 GMT",NA,NA,3,0,7,1,1,1
Exp 1,54,female,0,1,1,1,3,1,1324,23.233,81.94,207.531,"Sun, 25 Mar 2018 23:37:29 GMT",NA,NA,0,0,7,1,1,1
Exp 1,45,male,1,1,1,4,0,3,2143,69.546,121.272,274.247,"Sun, 25 Mar 2018 23:30:46 GMT",NA,NA,8,0,7,1,1,1
Exp 1,39,female,0,0,0,4,1,1,2134,13.692,15.957,82.331,"Sun, 25 Mar 2018 23:47:37 GMT",NA,NA,0,0,7,1,1,1
Exp 1,35,male,1,0,0,4,1,1,3142,33.475,18.325,115.485,"Sun, 25 Mar 2018 22:34:30 GMT",NA,NA,5,10,7,1,1,1
Exp 1,59,female,1,1,0,6,3,1,2431,31.769,19.593,183.565,"Sun, 25 Mar 2018 23:57:36 GMT",NA,NA,0,7,5,3,1,1
Exp 1,32,male,0,1,0,1,3,1,4231,19.343,16.975,73.601,"Mon, 26 Mar 2018 00:11:14 GMT",NA,NA,3,0,3,3,0,1
Exp 1,65,female,1,0,0,5,2,1,3241,20.948,16.722,97.276,"Mon, 26 Mar 2018 00:04:14 GMT",NA,NA,7,10,7,1,1,1
Exp 1,26,male,0,1,0,1,-2,1,1423,7.968,31.482,79.194,"Sun, 25 Mar 2018 22:33:10 GMT",NA,NA,4,9,7,7,1,0
Exp 1,39,male,1,1,1,4,1,1,1234,30.819,14.583,154.47,"Sun, 25 Mar 2018 23:54:14 GMT",NA,NA,3,0,5,3,1,1
Exp 1,38,female,0,1,0,4,-1,1,1234,27.4,13.672,138.121,"Sun, 25 Mar 2018 23:34:40 GMT",NA,NA,3,10,7,3,1,1
Exp 1,35,female,1,0,0,2,-1,1,4312,24.655,44.541,185.543,"Sun, 25 Mar 2018 23:25:30 GMT",NA,NA,4,8,3,5,0,0
Exp 1,28,female,0,0,0,5,0,1,1243,16.46,20.569,155.368,"Mon, 26 Mar 2018 00:27:52 GMT",NA,NA,3,10,3,5,0,0
Exp 1,31,female,0,0,0,3,0,1,4321,2.302,12.929,54.657,"Sun, 25 Mar 2018 23:56:05 GMT",NA,NA,4,6,6,4,1,0
Exp 1,25,male,0,0,0,1,3,1,1423,54.767,15.845,171.967,"Sun, 25 Mar 2018 23:27:36 GMT",NA,NA,7,10,7,1,1,1
Exp 1,51,male,1,1,0,1,1,3,4132,25.901,14.135,165.098,"Mon, 26 Mar 2018 00:17:12 GMT",NA,NA,3,6,2,5,0,0
Exp 1,48,female,1,1,1,5,2,1,1423,24.088,26.433,114.257,"Sun, 25 Mar 2018 23:47:29 GMT",NA,NA,5,10,7,1,1,1
Exp 1,48,male,0,1,1,1,0,1,3241,28.71,34.065,174.814,"Sun, 25 Mar 2018 23:55:42 GMT",NA,NA,5,10,6,1,1,1
Exp 1,25,female,1,1,1,6,3,1,2341,18.916,16.995,101.052,"Mon, 26 Mar 2018 00:10:51 GMT",NA,NA,8,10,7,1,1,1
Exp 1,19,female,1,1,1,1,0,1,2341,33.271,21.74,117.693,"Sun, 25 Mar 2018 23:40:58 GMT",NA,NA,0,0,4,1,0,1
Exp 1,54,female,0,0,0,2,2,1,1234,52.164,21.613,197.513,"Sun, 25 Mar 2018 23:26:22 GMT",NA,NA,1,10,1,7,0,0
Exp 1,60,female,0,0,0,1,-2,3,4213,24.471,45.972,189.235,"Sun, 25 Mar 2018 23:46:35 GMT",NA,NA,5,0,7,2,1,1
Exp 1,35,female,0,0,0,1,3,1,2134,23.704,18.203,121.721,"Sun, 25 Mar 2018 23:38:16 GMT",NA,NA,3,0,7,1,1,1
Exp 1,34,male,0,0,0,4,1,1,3412,98.449,19.746,667.565,"Sun, 25 Mar 2018 23:41:05 GMT",NA,NA,0,3,7,1,1,1
Exp 1,34,female,0,0,0,4,0,1,2341,22.298,28.501,147.661,"Sun, 25 Mar 2018 23:51:01 GMT",NA,NA,1,5,4,4,0,0
Exp 1,36,male,0,0,0,1,3,1,3214,24.928,21.571,125.244,"Mon, 26 Mar 2018 00:05:28 GMT",NA,NA,0,0,6,1,1,1
Exp 1,39,male,0,1,0,4,0,1,2314,56.924,29.662,268.188,"Sun, 25 Mar 2018 23:26:47 GMT",NA,NA,0,3,6,2,1,1
Exp 1,27,male,1,0,0,1,2,3,4321,11.81,3.468,57.062,"Mon, 26 Mar 2018 00:19:19 GMT",NA,NA,2,1,5,2,1,1
Exp 1,20,female,1,1,0,3,-1,1,2314,33.527,40.363,148.653,"Mon, 26 Mar 2018 00:14:04 GMT",NA,NA,3,10,7,1,1,1
Exp 1,52,female,0,0,0,6,0,1,3214,28.187,26.39,160.494,"Mon, 26 Mar 2018 00:25:44 GMT",NA,NA,8,10,5,1,1,1
Exp 1,18,male,1,0,0,1,3,1,1243,16.173,21.951,99.364,"Mon, 26 Mar 2018 00:26:47 GMT",NA,NA,3,6,2,5,0,0
Exp 1,37,female,0,0,0,4,1,3,2134,46.214,67.056,210.32,"Sun, 25 Mar 2018 23:33:42 GMT",NA,NA,3,10,6,2,1,1
Exp 1,45,female,1,1,0,1,1,1,1432,26.303,19.236,115.862,"Sun, 25 Mar 2018 23:39:05 GMT",NA,NA,0,0,7,1,1,1
Exp 1,44,female,0,0,0,1,2,1,4231,16.831,13.022,95.005,"Mon, 26 Mar 2018 01:11:44 GMT",NA,NA,2,0,7,1,1,1
Exp 1,35,male,0,1,0,5,2,1,2134,53.689,17.244,152.818,"Mon, 26 Mar 2018 00:08:45 GMT",NA,NA,0,7,5,6,1,0
Exp 1,38,female,1,1,0,6,0,1,3124,34.024,26.077,235.905,"Sun, 25 Mar 2018 23:28:21 GMT",NA,NA,5,10,7,1,1,1
Exp 1,41,female,0,1,1,4,0,1,4213,31.652,10.56,143.702,"Sun, 25 Mar 2018 23:25:08 GMT",NA,NA,1,10,7,1,1,1
Exp 1,48,male,1,1,1,4,-3,1,3124,92.96,17.133,209.57,"Sun, 25 Mar 2018 23:57:11 GMT",NA,NA,0,0,7,1,1,1
Exp 1,62,female,1,1,1,2,-3,1,2143,29.28,15.648,136.112,"Mon, 26 Mar 2018 00:26:35 GMT",NA,NA,0,10,6,1,1,1
Exp 1,32,male,1,0,0,4,0,1,3124,20.283,23.966,114.265,"Mon, 26 Mar 2018 01:47:23 GMT",NA,NA,5,5,2,6,0,0
Exp 1,26,male,0,0,0,1,2,1,3241,8.769,15.281,90.121,"Sun, 25 Mar 2018 23:35:01 GMT",NA,NA,0,6,3,5,0,0
Exp 1,55,female,1,0,0,4,1,1,1324,23.152,25.882,162.152,"Mon, 26 Mar 2018 01:47:45 GMT",NA,NA,0,1,6,1,1,1
Exp 1,80,female,0,1,1,1,-1,1,1243,26.694,17.152,155.488,"Mon, 26 Mar 2018 00:10:27 GMT",NA,NA,0,10,7,1,1,1
Exp 1,31,female,1,1,1,2,1,1,2134,17.733,8.727,98.523,"Mon, 26 Mar 2018 00:13:12 GMT",NA,NA,5,2,6,2,1,1
Exp 1,38,male,1,0,0,3,0,1,3214,38.688,28.58,167.748,"Mon, 26 Mar 2018 00:22:44 GMT",NA,NA,7,10,4,4,0,0
Exp 1,32,male,1,0,0,5,1,1,3412,15.297,14.94,63.025,"Sun, 25 Mar 2018 23:33:10 GMT",NA,NA,5,8,6,2,1,1
Exp 1,51,male,0,0,0,5,0,1,2431,41.566,17.13,153.426,"Sun, 25 Mar 2018 23:32:22 GMT",NA,NA,2,10,7,1,1,1
Exp 1,29,male,0,1,1,5,0,1,3214,87.586,61.021,342.736,"Mon, 26 Mar 2018 00:31:35 GMT",NA,NA,3,8,7,1,1,1
Exp 1,22,male,1,1,0,1,-3,1,4312,21.442,23.999,98.914,"Sun, 25 Mar 2018 23:24:38 GMT",NA,NA,0,0,5,1,1,1
Exp 1,28,female,1,0,0,2,-1,1,4132,27.367,13.337,106.265,"Sun, 25 Mar 2018 23:56:58 GMT",NA,NA,0,9,4,4,0,0
Exp 1,44,female,0,1,1,4,2,2,2341,38.567,124.522,342.683,"Sun, 25 Mar 2018 23:56:33 GMT",NA,NA,2,10,7,1,1,1
Exp 1,31,male,1,0,0,5,0,1,3412,35.821,11.893,129.1,"Sun, 25 Mar 2018 23:43:09 GMT",NA,NA,0,10,7,2,1,1
Exp 1,68,male,0,1,0,3,1,1,2431,28.882,25.875,163.405,"Sun, 25 Mar 2018 23:28:37 GMT",NA,NA,2,1,6,1,1,1
Exp 1,63,male,0,1,1,1,3,1,4132,28.413,26.912,147.138,"Mon, 26 Mar 2018 00:22:57 GMT",NA,NA,5,5,4,2,0,1
Exp 1,24,female,1,0,0,5,1,1,3412,24.557,19.305,136.422,"Sun, 25 Mar 2018 23:56:40 GMT",NA,NA,7,10,5,1,1,1
Exp 1,36,female,1,0,0,6,-3,1,1432,19.144,13.13,107.7,"Sun, 25 Mar 2018 23:27:00 GMT",NA,NA,3,10,3,6,0,0
Exp 1,58,male,1,0,0,1,2,1,1243,26.564,18.346,171.197,"Sun, 25 Mar 2018 23:45:07 GMT",NA,NA,3,0,6,2,1,1
Exp 1,31,male,0,1,0,1,3,1,2134,27.617,23.416,113.444,"Sun, 25 Mar 2018 23:32:57 GMT",NA,NA,5,0,4,4,0,0
Exp 1,61,female,0,0,0,1,0,1,3421,8.133,14.689,99.985,"Mon, 26 Mar 2018 00:12:04 GMT",NA,NA,0,10,6,6,1,0
Exp 1,44,female,1,0,0,2,0,1,1342,22.351,26.1,140.587,"Sun, 25 Mar 2018 23:44:48 GMT",NA,NA,0,1,7,1,1,1
Exp 1,43,male,0,1,0,6,3,1,1432,21.268,17.387,109.13,"Sun, 25 Mar 2018 23:26:27 GMT",NA,NA,0,0,7,1,1,1
Exp 1,19,female,1,0,0,4,-1,1,2341,36.806,37.701,155.59,"Mon, 26 Mar 2018 00:25:32 GMT",NA,NA,0,8,6,4,1,0
Exp 1,60,female,0,0,0,1,-3,1,3142,61.471,33.542,203.242,"Sun, 25 Mar 2018 23:30:27 GMT",NA,NA,0,10,1,7,0,0
Exp 1,28,male,1,0,0,3,0,1,4132,45.281,71.516,215.323,"Mon, 26 Mar 2018 01:47:48 GMT",NA,NA,3,3,5,3,1,1
Exp 1,24,female,0,1,0,6,2,1,3214,28.681,19.726,94.772,"Sun, 25 Mar 2018 23:35:34 GMT",NA,NA,5,10,7,1,1,1
Exp 1,40,female,0,1,1,3,-1,1,2341,50.96,44.006,180.339,"Mon, 26 Mar 2018 00:19:07 GMT",NA,NA,3,10,7,1,1,1
Exp 1,26,female,1,0,0,5,1,1,1243,12.436,12.829,80.091,"Sun, 25 Mar 2018 23:57:56 GMT",NA,NA,1,10,7,1,1,1
Exp 1,35,female,0,1,0,4,-1,1,4321,44.631,35.132,133.925,"Mon, 26 Mar 2018 00:06:07 GMT",NA,NA,2,0,7,1,1,1
Exp 1,36,female,0,0,0,3,2,1,2341,39.521,18.913,213.21,"Mon, 26 Mar 2018 00:27:15 GMT",NA,NA,0,9,4,4,0,0
Exp 1,34,female,0,1,0,1,3,1,3412,37.994,33.596,159.048,"Sun, 25 Mar 2018 23:34:07 GMT",NA,NA,8,0,7,1,1,1
Exp 1,38,female,0,1,1,6,0,1,2431,25.762,15.851,114.58,"Mon, 26 Mar 2018 00:01:40 GMT",NA,NA,5,7,5,2,1,1
Exp 1,34,female,0,0,0,4,2,1,4123,22.557,26.84,178.035,"Mon, 26 Mar 2018 00:22:01 GMT",NA,NA,5,6,5,3,1,1
Exp 1,27,female,1,1,0,4,0,1,4312,53.053,23.018,203.031,"Sun, 25 Mar 2018 23:36:28 GMT",NA,NA,1,10,5,1,1,1
Exp 1,43,female,1,1,0,1,3,1,1432,18.977,12.417,84.516,"Sun, 25 Mar 2018 23:45:16 GMT",NA,NA,0,0,7,1,1,1
Exp 1,30,female,0,1,1,5,0,1,2143,37.374,20.035,106.76,"Sun, 25 Mar 2018 23:43:06 GMT",NA,NA,1,10,7,1,1,1
Exp 1,22,male,0,0,0,1,0,3,4231,2.584,1.424,27.527,"Sun, 25 Mar 2018 23:27:20 GMT",NA,NA,0,7,4,1,0,1
Exp 1,42,female,0,0,0,2,3,3,2143,27.476,143.109,310.611,"Mon, 26 Mar 2018 00:09:36 GMT",NA,NA,8,6,5,3,1,1
Exp 1,35,female,1,0,0,5,3,1,4312,35.222,14.874,136.936,"Mon, 26 Mar 2018 01:47:34 GMT",NA,NA,0,10,7,1,1,1
Exp 1,56,female,0,0,0,4,0,1,1432,97.224,81.277,337.47,"Mon, 26 Mar 2018 00:01:46 GMT",NA,NA,5,0,7,1,1,1
Exp 1,32,female,1,1,1,5,-1,1,4123,25.973,16.133,109.472,"Mon, 26 Mar 2018 00:00:16 GMT",NA,NA,3,2,5,2,1,1
Exp 1,61,male,0,0,0,1,3,1,2341,22.899,23.737,182.295,"Mon, 26 Mar 2018 00:25:48 GMT",NA,NA,5,10,7,1,1,1
Exp 1,27,female,1,0,0,2,-1,1,3124,21.667,25.682,98.781,"Sun, 25 Mar 2018 22:58:03 GMT",NA,NA,0,3,7,3,1,1
Exp 1,31,male,0,0,0,1,2,1,4132,23.318,26.443,146.016,"Mon, 26 Mar 2018 00:15:31 GMT",NA,NA,0,10,7,1,1,1
Exp 1,61,female,1,1,0,5,0,3,1423,24.645,16.672,242.791,"Mon, 26 Mar 2018 00:17:54 GMT",NA,NA,2,0,7,1,1,1
Exp 1,39,female,1,1,0,1,2,1,4132,26.094,11.196,129.915,"Mon, 26 Mar 2018 00:13:17 GMT",NA,NA,3,10,6,2,1,1
Exp 1,46,male,0,1,0,4,0,1,3142,51.27,15.84,126.536,"Sun, 25 Mar 2018 23:39:09 GMT",NA,NA,0,10,6,1,1,1
Exp 1,37,male,0,0,0,1,3,1,3142,47.794,32.372,261.233,"Mon, 26 Mar 2018 00:12:51 GMT",NA,NA,0,9,1,7,0,0
Exp 1,45,female,1,0,0,2,1,1,3124,16.014,18.958,74.616,"Mon, 26 Mar 2018 00:08:40 GMT",NA,NA,0,8,6,2,1,1
Exp 1,42,female,1,0,0,6,2,1,1324,27.047,26.826,136.664,"Sun, 25 Mar 2018 23:34:04 GMT",NA,NA,5,10,7,1,1,1
Exp 1,43,female,1,0,0,4,0,1,1234,39.928,29.138,138.96,"Mon, 26 Mar 2018 00:19:06 GMT",NA,NA,5,7,6,2,1,1
Exp 1,27,male,0,1,1,3,-1,1,4132,33.52,17.992,119.43,"Sun, 25 Mar 2018 23:59:08 GMT",NA,NA,0,0,7,1,1,1
Exp 1,69,female,0,1,0,6,3,1,4231,65.974,14.012,169.456,"Sun, 25 Mar 2018 23:45:14 GMT",NA,NA,0,3,7,1,1,1
Exp 1,25,female,1,1,0,3,1,1,1342,103.697,32.437,200.352,"Mon, 26 Mar 2018 00:00:04 GMT",NA,NA,7,10,7,1,1,1
Exp 1,28,male,1,0,0,5,3,1,3142,84.864,34.958,386.421,"Mon, 26 Mar 2018 00:19:32 GMT",NA,NA,2,0,7,1,1,1
Exp 1,47,male,1,1,0,2,2,1,2413,48.445,21.266,175.244,"Mon, 26 Mar 2018 00:12:35 GMT",NA,NA,0,10,7,1,1,1
Exp 1,22,female,1,1,1,6,1,1,2134,30.562,17.691,104.921,"Mon, 26 Mar 2018 01:51:02 GMT",NA,NA,5,8,6,4,1,0
Exp 1,30,female,0,0,0,4,0,1,3142,47.227,45.332,174.716,"Sun, 25 Mar 2018 22:46:54 GMT",NA,NA,5,10,7,1,1,1
Exp 1,36,female,0,1,1,6,3,1,4231,14.254,16.686,93.596,"Sun, 25 Mar 2018 23:44:46 GMT",NA,NA,5,0,4,4,0,0
Exp 1,36,female,0,0,0,3,-2,1,1324,20.805,42.398,151.225,"Sun, 25 Mar 2018 22:34:19 GMT",NA,NA,1,10,6,1,1,1
Exp 1,25,male,0,0,0,1,2,1,1243,25.167,40.123,134.622,"Sun, 25 Mar 2018 23:31:06 GMT",NA,NA,0,10,6,2,1,1
Exp 1,23,male,0,1,0,1,1,1,2314,20.888,14.606,237.977,"Sun, 25 Mar 2018 23:48:41 GMT",NA,NA,0,8,4,4,0,0
Exp 1,34,female,1,0,0,4,0,1,1423,18.807,50.622,122.893,"Sun, 25 Mar 2018 23:53:52 GMT",NA,NA,0,2,5,3,1,1
Exp 1,53,male,0,0,0,1,3,1,3241,19.011,13.067,105.986,"Mon, 26 Mar 2018 00:19:32 GMT",NA,NA,0,10,7,1,1,1
Exp 1,29,male,1,0,0,3,-1,1,3124,32.408,63.027,147.837,"Sun, 25 Mar 2018 23:46:42 GMT",NA,NA,2,0,5,2,1,1
Exp 1,56,female,0,1,1,3,1,1,1342,15.6,12.498,66.857,"Mon, 26 Mar 2018 00:16:17 GMT",NA,NA,2,0,7,1,1,1
Exp 1,50,female,1,0,0,3,-1,1,3124,46.104,29.811,169.112,"Sun, 25 Mar 2018 23:39:43 GMT",NA,NA,0,3,4,4,0,0
Exp 1,32,female,0,0,0,1,-1,1,1342,7.079,5.986,59.25,"Mon, 26 Mar 2018 00:21:32 GMT",NA,NA,3,10,7,1,1,1
Exp 1,23,female,0,0,0,3,0,1,1234,16.202,35.771,92.655,"Sun, 25 Mar 2018 23:38:58 GMT",NA,NA,7,10,7,1,1,1
Exp 1,53,female,0,1,1,1,0,1,4231,43.137,18.119,197.126,"Sun, 25 Mar 2018 23:52:11 GMT",NA,NA,0,10,7,1,1,1
Exp 1,48,male,0,1,1,1,0,1,2341,27.874,22.37,134.696,"Sun, 25 Mar 2018 23:27:21 GMT",NA,NA,2,0,1,1,0,1
Exp 1,56,female,1,1,1,1,3,2,2431,31.296,28.505,255.198,"Mon, 26 Mar 2018 00:09:41 GMT",NA,NA,0,0,5,1,1,1
Exp 1,49,female,0,1,1,1,2,3,3412,40.578,35.652,137.03,"Sun, 25 Mar 2018 23:35:28 GMT",NA,NA,0,8,2,7,0,0
Exp 1,34,female,0,0,0,1,0,1,4213,32.56,30.236,268.142,"Sun, 25 Mar 2018 23:27:05 GMT",NA,NA,3,0,7,1,1,1
Exp 1,35,female,1,0,0,6,3,1,3142,31.418,17.992,124.506,"Sun, 25 Mar 2018 23:37:05 GMT",NA,NA,0,10,1,7,0,0
Exp 1,18,female,1,0,0,5,1,1,1234,24.694,17.178,99.914,"Sun, 25 Mar 2018 23:29:54 GMT",NA,NA,0,2,6,2,1,1
Exp 1,62,female,0,1,0,3,0,1,2341,43.291,23.138,216.206,"Sun, 25 Mar 2018 23:49:04 GMT",NA,NA,0,5,6,2,1,1
Exp 1,35,female,0,1,0,1,0,1,1342,33.389,39.109,193.038,"Mon, 26 Mar 2018 01:48:35 GMT",NA,NA,0,5,6,3,1,1
Exp 1,38,female,0,0,0,2,2,1,1423,26.167,18.723,131.49,"Sun, 25 Mar 2018 23:24:57 GMT",NA,NA,3,2,6,2,1,1
Exp 1,27,female,0,1,1,4,-1,1,2314,43.229,25.533,271.341,"Sun, 25 Mar 2018 23:29:06 GMT",NA,NA,0,10,5,2,1,1
Exp 1,38,female,1,1,1,5,2,1,4321,30.257,34.107,160.863,"Sun, 25 Mar 2018 23:26:12 GMT",NA,NA,5,7,6,2,1,1
Exp 1,29,female,0,0,0,5,-1,1,4231,23.034,24.486,123.765,"Mon, 26 Mar 2018 00:30:55 GMT",NA,NA,0,0,4,1,0,1
Exp 1,50,female,1,1,1,6,1,1,1324,26.159,45.783,177.232,"Sun, 25 Mar 2018 23:26:10 GMT",NA,NA,1,8,7,1,1,1
Exp 1,51,female,1,0,0,5,2,3,3214,17.283,47.844,164.382,"Sun, 25 Mar 2018 23:54:12 GMT",NA,NA,0,0,7,1,1,1
Exp 1,23,male,0,0,0,5,1,1,1432,24.744,20.33,124.621,"Sun, 25 Mar 2018 23:42:02 GMT",NA,NA,2,0,3,1,0,1
Exp 1,32,male,0,1,1,5,1,1,4132,24.497,12.106,97.785,"Sun, 25 Mar 2018 23:39:40 GMT",NA,NA,3,9,6,3,1,1
Exp 1,39,female,0,0,0,4,-1,1,1243,31.488,27.358,184.609,"Sun, 25 Mar 2018 23:28:12 GMT",NA,NA,3,0,7,1,1,1
Exp 1,32,male,1,0,0,2,0,3,3241,18.01,56.964,131.837,"Sun, 25 Mar 2018 23:49:08 GMT",NA,NA,0,8,4,4,0,0
Exp 1,39,female,1,0,0,5,1,1,4213,17.848,10.888,202.102,"Mon, 26 Mar 2018 00:10:19 GMT",NA,NA,0,2,7,2,1,1
Exp 1,32,female,0,0,0,2,3,1,4123,15.476,10.958,65.774,"Mon, 26 Mar 2018 00:07:08 GMT",NA,NA,1,9,7,1,1,1
Exp 1,69,female,0,0,0,2,2,1,2431,39.338,18.278,189.47,"Sun, 25 Mar 2018 23:30:35 GMT",NA,NA,3,5,1,7,0,0
Exp 1,31,female,0,1,0,1,-1,1,1342,24.784,11.759,100.633,"Sun, 25 Mar 2018 23:43:16 GMT",NA,NA,5,8,7,3,1,1
Exp 1,34,female,0,1,0,3,0,1,4231,23.916,13.548,101.568,"Sun, 25 Mar 2018 23:53:35 GMT",NA,NA,1,10,6,2,1,1
Exp 1,49,female,1,0,0,3,2,1,3124,15.067,11.611,112.957,"Sun, 25 Mar 2018 23:49:30 GMT",NA,NA,1,9,7,1,1,1
Exp 1,30,male,0,1,0,1,2,1,2143,32.898,20.446,133.469,"Sun, 25 Mar 2018 23:30:11 GMT",NA,NA,8,8,6,2,1,1
Exp 1,29,male,0,1,0,3,1,1,3412,25.122,6.446,158.515,"Mon, 26 Mar 2018 00:27:39 GMT",NA,NA,3,10,7,1,1,1
Exp 1,46,female,1,0,0,2,0,1,1423,43.022,20.958,240.04,"Sun, 25 Mar 2018 23:30:02 GMT",NA,NA,0,5,4,4,0,0
Exp 1,36,male,0,1,1,5,2,1,2413,210.506,22.535,520.522,"Sun, 25 Mar 2018 23:44:11 GMT",NA,NA,5,10,7,4,1,0
Exp 1,32,female,0,0,0,3,-1,1,4123,26.815,12.944,176.172,"Mon, 26 Mar 2018 00:05:07 GMT",NA,NA,1,10,7,1,1,1
Exp 1,32,male,1,1,0,1,2,1,1423,49.951,19.87,241.396,"Sun, 25 Mar 2018 23:36:00 GMT",NA,NA,3,10,6,1,1,1
Exp 1,25,male,1,0,0,4,1,1,2143,17.514,32.698,583.558,"Mon, 26 Mar 2018 00:35:04 GMT",NA,NA,0,5,3,5,0,0
Exp 1,22,male,0,0,0,4,-1,1,2143,18.788,13.186,112.616,"Sun, 25 Mar 2018 23:27:54 GMT",NA,NA,3,9,6,1,1,1
Exp 1,58,male,0,1,1,5,0,1,4321,34.009,17.989,127.29,"Sun, 25 Mar 2018 23:58:25 GMT",NA,NA,0,5,7,1,1,1
Exp 1,32,male,0,0,0,3,2,2,1324,1.753,24.576,72.487,"Sun, 25 Mar 2018 23:49:08 GMT",NA,NA,0,0,4,4,0,0
Exp 1,39,male,1,0,0,6,3,1,3421,22.616,22.979,147.589,"Mon, 26 Mar 2018 00:03:37 GMT",NA,NA,1,10,4,4,0,0
Exp 1,61,male,1,1,1,3,2,1,2413,31.592,15.014,120.878,"Mon, 26 Mar 2018 00:02:46 GMT",NA,NA,2,3,4,4,0,0
Exp 1,40,female,1,0,0,5,-1,1,2134,15.214,26.963,120.641,"Sun, 25 Mar 2018 23:39:43 GMT",NA,NA,0,2,6,2,1,1
Exp 1,33,male,1,0,0,4,-1,1,1432,16.728,14.696,105.477,"Sun, 25 Mar 2018 23:52:01 GMT",NA,NA,5,8,5,1,1,1
Exp 1,27,female,1,1,0,5,1,1,2341,27.198,10.106,125.906,"Mon, 26 Mar 2018 00:01:03 GMT",NA,NA,0,1,7,1,1,1
Exp 1,57,female,0,0,0,5,1,1,4213,49.916,25.281,194.771,"Mon, 26 Mar 2018 00:08:18 GMT",NA,NA,0,0,7,1,1,1
Exp 1,42,female,0,0,0,4,0,1,3412,13.215,30.464,103.617,"Sun, 25 Mar 2018 23:43:08 GMT",NA,NA,8,10,6,2,1,1
Exp 1,32,female,1,1,1,2,1,1,2431,28.651,17.079,138.359,"Mon, 26 Mar 2018 00:16:21 GMT",NA,NA,0,5,6,3,1,1
Exp 1,49,male,1,1,1,1,1,1,3124,56.864,23.616,323.904,"Sun, 25 Mar 2018 22:40:29 GMT",NA,NA,2,0,5,2,1,1
Exp 1,23,male,1,1,1,2,-3,1,2341,34.719,11.614,106.871,"Mon, 26 Mar 2018 00:23:13 GMT",NA,NA,0,0,7,1,1,1
Exp 1,32,female,0,0,0,4,0,1,1423,28.922,16.785,138.961,"Sun, 25 Mar 2018 23:48:36 GMT",NA,NA,1,10,6,1,1,1
Exp 1,39,male,0,1,0,1,2,1,2341,42.984,18.897,208.205,"Mon, 26 Mar 2018 00:34:29 GMT",NA,NA,5,8,6,2,1,1
Exp 1,39,female,0,0,0,4,-1,1,4312,255.794,21.532,476.698,"Mon, 26 Mar 2018 00:02:39 GMT",NA,NA,0,5,5,5,1,0
Exp 1,34,male,1,0,0,1,-1,1,4132,22.382,16.451,125.579,"Mon, 26 Mar 2018 00:18:53 GMT",NA,NA,4,10,6,6,1,0
Exp 1,43,male,0,1,0,4,1,1,3241,41.121,14.93,151.429,"Mon, 26 Mar 2018 00:16:48 GMT",NA,NA,2,0,6,1,1,1
Exp 1,53,female,0,0,0,1,1,1,1423,26.537,28.069,156.808,"Sun, 25 Mar 2018 23:55:36 GMT",NA,NA,4,0,7,1,1,1
Exp 1,50,male,1,1,0,4,0,3,4321,28.744,17.195,99.042,"Sun, 25 Mar 2018 23:55:13 GMT",NA,NA,8,9,6,2,1,1
Exp 1,41,male,0,0,0,5,0,1,1432,23.108,12.792,119.633,"Mon, 26 Mar 2018 00:27:47 GMT",NA,NA,5,7,6,2,1,1
Exp 1,29,male,1,1,1,5,2,1,1342,42.228,18.493,245.175,"Sun, 25 Mar 2018 23:27:51 GMT",NA,NA,3,10,5,3,1,1
Exp 1,39,female,1,1,0,6,3,1,2314,42.753,17.118,160.1,"Sun, 25 Mar 2018 23:26:16 GMT",NA,NA,0,10,7,1,1,1
Exp 1,47,female,1,1,1,1,3,1,4123,29.642,21.536,180.366,"Sun, 25 Mar 2018 23:49:57 GMT",NA,NA,8,10,5,4,1,0
Exp 1,62,male,0,0,0,1,-1,1,2314,25.833,29.86,220.185,"Sun, 25 Mar 2018 23:26:59 GMT",NA,NA,3,10,6,1,1,1
Exp 1,32,female,1,0,0,3,-2,1,1423,43.613,21.385,182.466,"Sun, 25 Mar 2018 23:36:08 GMT",NA,NA,0,5,5,3,1,1
Exp 1,57,female,1,0,0,2,-2,1,4321,41.078,13.398,178.052,"Sun, 25 Mar 2018 23:43:29 GMT",NA,NA,3,10,7,1,1,1
Exp 1,33,male,0,1,1,4,0,1,4312,40.728,18.874,133.961,"Mon, 26 Mar 2018 00:11:38 GMT",NA,NA,3,10,7,1,1,1
Exp 1,41,female,0,0,0,1,2,1,3241,7.888,7.494,56.553,"Mon, 26 Mar 2018 00:04:57 GMT",NA,NA,0,2,6,1,1,1
Exp 1,62,female,1,1,0,2,0,1,4132,45.919,30.047,284.336,"Sun, 25 Mar 2018 23:28:43 GMT",NA,NA,2,1,6,1,1,1
Exp 1,72,male,1,1,1,2,2,1,3241,50.228,15.004,198.152,"Sun, 25 Mar 2018 23:56:03 GMT",NA,NA,2,0,7,1,1,1
Exp 1,36,female,1,1,0,6,3,1,3142,21.261,14.297,90.175,"Sun, 25 Mar 2018 22:35:58 GMT",NA,NA,0,10,7,1,1,1
Exp 1,53,female,1,0,0,1,3,1,2431,14.749,19.445,90.504,"Sun, 25 Mar 2018 23:29:52 GMT",NA,NA,0,0,7,1,1,1
Exp 1,31,female,1,1,0,1,2,1,3241,45.582,25.528,123.28,"Mon, 26 Mar 2018 00:28:16 GMT",NA,NA,0,2,4,4,0,0
Exp 1,27,male,0,0,0,4,1,1,3142,22.994,18.136,110.595,"Mon, 26 Mar 2018 00:17:29 GMT",NA,NA,5,10,6,1,1,1
Exp 1,54,male,1,0,0,1,-3,1,3142,35.689,27.891,220.594,"Sun, 25 Mar 2018 23:47:00 GMT",NA,NA,8,0,7,1,1,1
Exp 1,35,male,1,1,1,4,0,1,1324,12.564,10.386,65.304,"Mon, 26 Mar 2018 00:17:32 GMT",NA,NA,2,0,4,1,0,1
Exp 1,47,female,1,0,0,1,2,1,4132,47.297,62.385,252.955,"Mon, 26 Mar 2018 00:09:14 GMT",NA,NA,3,2,6,1,1,1
Exp 1,28,male,1,1,1,4,0,1,3124,27.964,49.208,127.496,"Sun, 25 Mar 2018 23:31:19 GMT",NA,NA,5,10,6,2,1,1
Exp 1,32,female,1,1,0,4,-1,1,4312,28.819,14.495,174.095,"Sun, 25 Mar 2018 23:32:34 GMT",NA,NA,0,6,2,6,0,0
Exp 1,23,male,0,0,0,5,1,4,1432,2.776,2.305,31.597,"Sun, 25 Mar 2018 23:42:07 GMT",NA,NA,3,1,1,4,0,0
Exp 1,39,female,1,0,0,3,0,1,2413,32.726,11.401,173.844,"Sun, 25 Mar 2018 23:59:25 GMT",NA,NA,0,10,6,1,1,1
Exp 1,52,female,0,1,0,2,2,1,3124,47.376,18.395,284.327,"Sun, 25 Mar 2018 23:59:06 GMT",NA,NA,6,10,2,6,0,0
Exp 1,43,female,0,1,0,2,2,1,2413,40.107,15.946,128.101,"Mon, 26 Mar 2018 00:03:23 GMT",NA,NA,7,7,6,3,1,1
Exp 1,36,male,1,0,0,1,3,1,4213,15.846,27.256,102.326,"Mon, 26 Mar 2018 00:14:10 GMT",NA,NA,8,10,7,1,1,1
Exp 1,30,female,1,0,0,6,3,1,3214,7.819,14.323,56.734,"Sun, 25 Mar 2018 22:40:27 GMT",NA,NA,5,10,7,1,1,1
Exp 1,36,female,0,0,0,4,-2,1,2143,30.383,31.758,172.204,"Sun, 25 Mar 2018 23:52:10 GMT",NA,NA,1,9,5,1,1,1
Exp 1,38,female,1,0,0,3,3,1,2341,18.044,54.094,137.614,"Mon, 26 Mar 2018 00:10:46 GMT",NA,NA,5,9,1,1,0,1
Exp 1,23,male,1,1,0,1,0,1,3124,38.902,13.502,125.062,"Sun, 25 Mar 2018 23:49:09 GMT",NA,NA,2,0,6,1,1,1
Exp 1,24,male,1,0,0,6,2,1,3421,45.721,59.131,207.582,"Sun, 25 Mar 2018 23:26:29 GMT",NA,NA,0,8,6,5,1,0
Exp 1,25,male,1,0,0,6,3,1,4231,13.175,9.112,96.038,"Mon, 26 Mar 2018 00:10:36 GMT",NA,NA,5,10,7,1,1,1
Exp 1,70,female,0,0,0,4,1,1,1243,26.506,47.777,157.238,"Mon, 26 Mar 2018 00:09:54 GMT",NA,NA,2,0,7,1,1,1
Exp 1,49,female,0,1,1,1,3,1,2341,27.54,29.117,268.203,"Sun, 25 Mar 2018 23:50:44 GMT",NA,NA,0,9,7,1,1,1
Exp 1,28,female,1,0,0,1,1,1,2413,20.16,10.387,82.167,"Mon, 26 Mar 2018 01:47:51 GMT",NA,NA,5,10,7,1,1,1
Exp 1,43,female,1,1,0,4,1,1,3214,40.942,17.753,200.57,"Sun, 25 Mar 2018 23:26:35 GMT",NA,NA,2,0,7,1,1,1
Exp 1,28,female,0,1,0,6,2,1,3214,15.542,55.649,204.089,"Sun, 25 Mar 2018 23:25:38 GMT",NA,NA,2,9,6,2,1,1
Exp 1,33,female,1,1,1,4,0,1,4132,56.634,17.67,239.526,"Sun, 25 Mar 2018 23:35:26 GMT",NA,NA,2,0,4,4,0,0
Exp 1,43,male,0,0,0,3,1,1,2413,23.808,25.852,105.636,"Sun, 25 Mar 2018 23:32:25 GMT",NA,NA,2,1,6,2,1,1
Exp 1,53,female,1,1,1,2,1,1,3124,38.87,18.04,152.83,"Sun, 25 Mar 2018 23:34:37 GMT",NA,NA,2,0,6,1,1,1
Exp 1,35,female,1,0,0,5,0,1,1432,45.677,24.92,181.266,"Mon, 26 Mar 2018 03:01:43 GMT",NA,NA,0,3,6,3,1,1
Exp 1,47,female,1,0,0,2,2,1,1342,14.297,15.206,79.807,"Sun, 25 Mar 2018 23:48:40 GMT",NA,NA,0,8,6,1,1,1
Exp 1,61,female,0,1,0,4,1,1,1324,34.597,14.176,124.614,"Mon, 26 Mar 2018 01:48:30 GMT",NA,NA,3,1,6,1,1,1
Exp 1,52,female,1,1,0,3,-1,1,4312,22.28,22.881,127.895,"Mon, 26 Mar 2018 00:15:26 GMT",NA,NA,3,10,5,1,1,1
Exp 1,38,female,1,1,0,5,1,2,2134,21.6,22.749,105.201,"Mon, 26 Mar 2018 00:21:27 GMT",NA,NA,7,10,5,1,1,1
Exp 1,51,female,0,0,0,1,0,1,4321,56.052,26.953,246.025,"Mon, 26 Mar 2018 00:23:17 GMT",NA,NA,0,10,7,1,1,1
Exp 1,25,male,0,0,0,2,-1,1,3241,21.287,22.056,96.706,"Sun, 25 Mar 2018 23:34:11 GMT",NA,NA,2,0,6,1,1,1
Exp 1,34,female,0,1,1,1,3,1,3421,37.342,15.101,114.116,"Sun, 25 Mar 2018 23:25:46 GMT",NA,NA,3,0,7,1,1,1
Exp 1,54,female,0,0,0,2,1,1,4312,30.623,14.719,122.876,"Sun, 25 Mar 2018 23:27:44 GMT",NA,NA,5,7,5,2,1,1
Exp 1,36,male,1,1,0,3,0,1,3142,37.607,18.583,127.845,"Sun, 25 Mar 2018 23:54:49 GMT",NA,NA,0,1,7,1,1,1
Exp 1,35,male,1,1,0,4,0,1,1423,76.117,10.743,126.912,"Sun, 25 Mar 2018 23:33:29 GMT",NA,NA,3,7,6,2,1,1
Exp 1,27,male,0,0,0,2,0,1,4213,14.033,22.946,108.081,"Sun, 25 Mar 2018 23:28:45 GMT",NA,NA,2,0,6,1,1,1
Exp 1,71,male,1,1,0,1,0,1,2314,67.767,79.907,399.895,"Mon, 26 Mar 2018 00:00:02 GMT",NA,NA,0,1,6,4,1,0
Exp 1,31,female,0,1,1,4,1,1,4312,24.958,14.517,88.635,"Mon, 26 Mar 2018 00:07:52 GMT",NA,NA,0,6,3,5,0,0
Exp 1,67,female,1,1,0,1,0,1,4132,35.054,36.419,237.012,"Sun, 25 Mar 2018 23:43:51 GMT",NA,NA,0,0,7,1,1,1
Exp 1,32,female,0,1,1,6,2,1,1342,29.11,25.111,143.069,"Sun, 25 Mar 2018 23:26:39 GMT",NA,NA,8,10,6,2,1,1
Exp 1,45,male,0,1,1,2,2,1,4231,45.486,26.752,363.732,"Sun, 25 Mar 2018 23:31:59 GMT",NA,NA,0,10,6,2,1,1
Exp 1,34,male,1,0,0,1,3,1,1243,20.76,24.618,434.732,"Sun, 25 Mar 2018 23:42:19 GMT",NA,NA,2,10,7,1,1,1
Exp 1,32,male,1,1,0,1,3,1,4132,33.103,19.549,120.514,"Mon, 26 Mar 2018 01:48:29 GMT",NA,NA,0,10,6,1,1,1
Exp 1,37,male,1,0,0,2,2,1,4132,26.372,24.326,157.118,"Mon, 26 Mar 2018 00:12:55 GMT",NA,NA,0,9,5,3,1,1
Exp 1,46,female,0,0,0,4,2,1,1432,49.365,25.473,304.745,"Mon, 26 Mar 2018 00:30:35 GMT",NA,NA,3,6,3,6,0,0
Exp 1,31,male,1,0,0,5,-1,1,3124,23.736,24.892,125.97,"Mon, 26 Mar 2018 00:05:06 GMT",NA,NA,0,9,6,1,1,1
Exp 1,30,female,1,0,0,5,0,1,1324,86.795,20.139,183.079,"Sun, 25 Mar 2018 23:25:54 GMT",NA,NA,5,9,7,1,1,1
Exp 1,46,male,0,1,0,2,0,1,3241,60.539,41.566,275.967,"Mon, 26 Mar 2018 00:28:32 GMT",NA,NA,0,2,6,1,1,1
Exp 1,43,male,1,0,0,6,2,1,1324,27.831,37.12,158.109,"Sun, 25 Mar 2018 23:27:45 GMT",NA,NA,2,0,6,1,1,1
Exp 1,28,female,1,0,0,1,-1,1,3214,18.608,16.114,116.644,"Mon, 26 Mar 2018 00:16:17 GMT",NA,NA,2,0,4,1,0,1
Exp 1,39,female,0,0,0,4,-1,1,4132,25.438,12.829,111.407,"Sun, 25 Mar 2018 23:53:39 GMT",NA,NA,0,5,5,7,1,0
Exp 1,18,female,1,1,1,1,-1,1,2134,50.618,19.582,251.513,"Sun, 25 Mar 2018 23:36:26 GMT",NA,NA,0,4,6,3,1,1
Exp 1,28,male,1,1,0,3,0,3,2314,4.03,3.063,200.376,"Mon, 26 Mar 2018 00:04:36 GMT",NA,NA,2,3,4,3,0,1
Exp 1,58,female,1,1,1,1,-1,1,4213,36.065,41.734,272.363,"Mon, 26 Mar 2018 00:01:27 GMT",NA,NA,8,2,6,2,1,1
Exp 1,46,female,1,1,1,3,0,1,1432,46.784,24.698,259.536,"Mon, 26 Mar 2018 00:22:38 GMT",NA,NA,0,1,7,7,1,0
Exp 1,27,male,0,0,0,4,0,1,4123,17.307,30.069,102.78,"Sun, 25 Mar 2018 23:53:51 GMT",NA,NA,0,10,7,1,1,1
Exp 1,32,male,1,0,0,5,1,1,1423,13.634,12.711,80.216,"Sun, 25 Mar 2018 23:26:33 GMT",NA,NA,3,0,7,1,1,1
Exp 1,25,male,1,0,0,5,0,1,1423,15.847,22.201,82.69,"Mon, 26 Mar 2018 00:26:34 GMT",NA,NA,5,10,7,3,1,1
Exp 1,27,female,1,0,0,6,3,1,3124,29.537,28.059,151.394,"Sun, 25 Mar 2018 23:51:47 GMT",NA,NA,1,10,7,1,1,1
Exp 1,36,female,1,0,0,4,-2,3,2143,25.041,49.65,202.782,"Sun, 25 Mar 2018 23:37:52 GMT",NA,NA,0,10,6,2,1,1
Exp 1,33,female,1,1,1,1,2,1,3142,40.962,15.298,159.072,"Mon, 26 Mar 2018 00:27:53 GMT",NA,NA,0,7,2,6,0,0
Exp 1,60,male,0,0,0,1,3,1,4321,30.977,18.58,232.674,"Sun, 25 Mar 2018 23:33:40 GMT",NA,NA,2,8,6,1,1,1
Exp 1,70,male,1,1,1,1,3,1,1234,35.613,31.298,236.714,"Sun, 25 Mar 2018 23:43:09 GMT",NA,NA,0,8,5,3,1,1
Exp 1,65,female,1,0,0,1,3,1,4132,24.024,16.748,174.96,"Sun, 25 Mar 2018 23:34:16 GMT",NA,NA,1,10,7,1,1,1
Exp 1,54,female,1,1,1,3,1,1,4321,55.878,30.691,248.38,"Sun, 25 Mar 2018 23:26:06 GMT",NA,NA,0,5,6,4,1,0
Exp 1,29,female,0,0,0,2,-1,1,3214,24.318,22.76,106.698,"Sun, 25 Mar 2018 23:26:57 GMT",NA,NA,1,10,7,1,1,1
Exp 1,24,male,0,0,0,3,1,2,1243,3.464,8.012,38.741,"Mon, 26 Mar 2018 00:14:31 GMT",NA,NA,5,4,3,2,0,1
Exp 1,32,female,0,1,1,1,0,1,3241,25.639,12.447,98.564,"Mon, 26 Mar 2018 00:26:16 GMT",NA,NA,5,2,6,2,1,1
Exp 1,39,female,0,0,0,1,3,1,3421,16.954,9.838,214.511,"Mon, 26 Mar 2018 00:05:11 GMT",NA,NA,3,10,1,7,0,0
Exp 1,66,female,0,0,0,1,2,1,3412,48.092,35.496,362.806,"Sun, 25 Mar 2018 23:48:12 GMT",NA,NA,1,10,7,1,1,1
Exp 1,42,female,1,1,1,4,0,1,1423,24.836,33.389,149.912,"Sun, 25 Mar 2018 23:27:22 GMT",NA,NA,0,2,4,2,0,1
Exp 1,27,male,1,1,0,6,3,1,3142,17.07,15.519,169.089,"Sun, 25 Mar 2018 23:30:14 GMT",NA,NA,5,10,7,1,1,1
Exp 1,35,female,0,1,1,6,3,1,3142,22.268,11.463,177.608,"Sun, 25 Mar 2018 23:45:31 GMT",NA,NA,1,10,7,1,1,1
Exp 1,63,male,1,0,0,1,0,1,4321,40.087,16.209,151.051,"Sun, 25 Mar 2018 23:54:39 GMT",NA,NA,2,10,2,1,0,1
Exp 1,65,male,1,0,0,4,0,1,1432,41.167,47.164,211.241,"Sun, 25 Mar 2018 23:26:59 GMT",NA,NA,0,0,7,1,1,1
Exp 1,42,female,0,1,0,2,-1,1,1423,19.352,12.464,113.223,"Sun, 25 Mar 2018 23:35:19 GMT",NA,NA,1,10,7,1,1,1
Exp 1,25,female,0,0,0,4,-1,1,1234,20.314,13.497,187.973,"Sun, 25 Mar 2018 23:55:10 GMT",NA,NA,1,10,7,1,1,1
Exp 1,39,female,1,0,0,2,2,1,1324,30.991,20.574,151.216,"Sun, 25 Mar 2018 23:28:38 GMT",NA,NA,3,6,5,3,1,1
Exp 1,37,female,0,1,1,3,1,1,1432,219.075,13.28,348.649,"Mon, 26 Mar 2018 00:24:08 GMT",NA,NA,8,10,7,1,1,1
Exp 1,73,female,1,0,0,3,-1,3,2134,42.36,36.148,196.315,"Sun, 25 Mar 2018 23:48:52 GMT",NA,NA,6,9,2,6,0,0
Exp 1,54,female,1,0,0,5,0,1,4312,24.819,18.391,135.77,"Sun, 25 Mar 2018 23:58:30 GMT",NA,NA,0,9,4,2,0,1
Exp 1,35,female,0,0,0,3,-2,1,2413,28.227,19.073,122.205,"Sun, 25 Mar 2018 23:36:21 GMT",NA,NA,8,7,5,3,1,1
Exp 1,31,male,1,1,1,5,3,1,2431,25.538,26.299,145.065,"Sun, 25 Mar 2018 23:45:22 GMT",NA,NA,5,10,6,2,1,1
Exp 1,26,male,1,0,0,5,2,1,1342,16.415,13.269,85.609,"Sun, 25 Mar 2018 23:25:05 GMT",NA,NA,8,8,5,3,1,1
Exp 1,40,male,0,1,0,2,1,1,3142,23.28,26.439,147.163,"Sun, 25 Mar 2018 23:56:34 GMT",NA,NA,2,2,5,5,1,0
Exp 1,22,female,0,1,1,2,0,1,3412,16.676,7.713,57.621,"Mon, 26 Mar 2018 00:03:41 GMT",NA,NA,1,10,7,1,1,1
Exp 1,44,male,0,1,1,1,2,1,3142,27.418,30.758,241.76,"Mon, 26 Mar 2018 00:16:06 GMT",NA,NA,3,0,6,1,1,1
Exp 1,56,female,1,1,1,2,2,1,1234,21.926,20.266,103.138,"Sun, 25 Mar 2018 23:34:41 GMT",NA,NA,0,10,7,1,1,1
Exp 1,39,female,0,0,0,1,0,1,2143,46.854,27.567,263.21,"Mon, 26 Mar 2018 00:18:02 GMT",NA,NA,0,0,7,1,1,1
Exp 1,54,female,0,1,0,6,1,1,1243,29.328,16.885,151.461,"Mon, 26 Mar 2018 00:15:27 GMT",NA,NA,0,1,6,2,1,1
Exp 1,56,female,0,1,0,1,-3,1,4132,32.523,19.351,142.642,"Mon, 26 Mar 2018 00:10:51 GMT",NA,NA,0,10,7,1,1,1
Exp 1,52,female,0,0,0,4,-2,1,3142,43.505,11.266,125.887,"Sun, 25 Mar 2018 23:25:40 GMT",NA,NA,2,0,7,1,1,1
Exp 1,34,male,0,1,0,2,-2,1,4312,17.233,19.896,80.803,"Sun, 25 Mar 2018 23:59:44 GMT",NA,NA,0,3,4,2,0,1
Exp 1,33,male,1,0,0,1,3,3,2314,17.811,27.269,97.983,"Mon, 26 Mar 2018 00:20:40 GMT",NA,NA,6,0,7,1,1,1
Exp 2,36,male,1,0,0,1,-1,1,4213,31.104,12.922,119.799,"Wed, 10 Apr 2019 11:58:15 GMT",2,4,NA,NA,5,2,1,1
Exp 2,60,female,1,0,0,1,2,1,2143,27.289,26.753,229.605,"Wed, 10 Apr 2019 11:11:23 GMT",5,7,NA,NA,5,3,1,1
Exp 2,33,male,0,1,0,1,3,1,2341,36.274,25.409,171.19,"Wed, 10 Apr 2019 11:44:20 GMT",10,1,NA,NA,7,1,1,1
Exp 2,34,male,1,0,0,3,0,1,3142,24.643,14.985,92.885,"Wed, 10 Apr 2019 12:23:01 GMT",5,6,NA,NA,5,4,1,0
Exp 2,65,female,1,1,0,1,3,1,2314,27.263,18.981,194.922,"Wed, 10 Apr 2019 11:23:01 GMT",2,0,NA,NA,7,2,1,1
Exp 2,36,female,0,0,0,3,0,1,1432,26.636,14.553,98.3,"Wed, 10 Apr 2019 11:07:59 GMT",9,5,NA,NA,6,3,1,1
Exp 2,32,female,1,1,1,5,1,1,2341,27.219,12.205,104.11,"Wed, 10 Apr 2019 12:13:33 GMT",1,8,NA,NA,6,1,1,1
Exp 2,49,male,1,0,0,5,3,1,3142,41.832,27.496,194.992,"Wed, 10 Apr 2019 11:13:39 GMT",2,9,NA,NA,7,1,1,1
Exp 2,26,male,1,0,0,4,1,4,3241,2.892,13.044,44.867,"Wed, 10 Apr 2019 11:07:24 GMT",4,5,NA,NA,4,5,0,0
Exp 2,51,female,0,1,0,3,-1,1,3241,47.585,21.675,245.822,"Wed, 10 Apr 2019 11:59:46 GMT",0,10,NA,NA,7,1,1,1
Exp 2,43,female,0,0,0,1,2,1,1342,13.543,9.225,114.453,"Wed, 10 Apr 2019 12:03:02 GMT",10,3,NA,NA,7,2,1,1
Exp 2,25,female,1,0,0,6,1,3,2431,13.407,16.206,75.32,"Wed, 10 Apr 2019 11:07:07 GMT",1,8,NA,NA,6,2,1,1
Exp 2,74,male,1,1,1,4,1,1,3421,31.359,18.049,332.144,"Wed, 10 Apr 2019 11:45:23 GMT",3,7,NA,NA,5,3,1,1
Exp 2,36,female,1,0,0,4,-1,1,3124,29.977,34.147,126.336,"Wed, 10 Apr 2019 11:49:17 GMT",0,8,NA,NA,6,2,1,1
Exp 2,47,male,0,1,0,5,2,1,4132,41.711,20.409,160.036,"Wed, 10 Apr 2019 11:13:51 GMT",2,7,NA,NA,7,1,1,1
Exp 2,25,female,1,1,1,5,2,1,2134,12.596,16.959,95.724,"Wed, 10 Apr 2019 11:10:28 GMT",0,8,NA,NA,6,1,1,1
Exp 2,46,female,1,0,0,4,-1,1,4312,25.15,19.764,85.023,"Wed, 10 Apr 2019 11:09:53 GMT",8,3,NA,NA,6,1,1,1
Exp 2,33,male,1,0,0,5,0,1,2413,38.601,32.357,127.965,"Wed, 10 Apr 2019 11:24:35 GMT",6,1,NA,NA,5,2,1,1
Exp 2,18,male,1,0,0,2,0,1,4123,14.378,9.694,52.788,"Wed, 10 Apr 2019 11:22:38 GMT",2,7,NA,NA,5,2,1,1
Exp 2,33,female,0,0,0,2,2,1,2431,20.295,10.468,175.593,"Wed, 10 Apr 2019 11:23:43 GMT",2,9,NA,NA,6,2,1,1
Exp 2,38,female,1,0,0,2,2,1,1423,28.814,15.667,111.042,"Wed, 10 Apr 2019 12:13:44 GMT",5,6,NA,NA,5,4,1,0
Exp 2,25,female,1,1,1,5,-1,1,1423,11.747,8.524,42.024,"Wed, 10 Apr 2019 11:07:35 GMT",9,2,NA,NA,6,3,1,1
Exp 2,48,male,0,0,0,3,-1,1,1423,44.976,32.806,132.778,"Wed, 10 Apr 2019 11:57:55 GMT",5,5,NA,NA,6,3,1,1
Exp 2,81,male,0,1,0,5,1,1,2314,63.898,28.621,393.955,"Wed, 10 Apr 2019 11:46:20 GMT",0,8,NA,NA,6,1,1,1
Exp 2,31,male,1,1,0,4,2,1,3142,34.728,15.546,113.358,"Wed, 10 Apr 2019 11:49:46 GMT",2,5,NA,NA,4,2,0,1
Exp 2,28,male,1,1,1,5,-1,1,1243,19.984,12.132,71.249,"Wed, 10 Apr 2019 11:14:59 GMT",0,2,NA,NA,5,1,1,1
Exp 2,27,male,0,1,0,1,3,1,3241,6.874,3.072,66.117,"Wed, 10 Apr 2019 11:58:57 GMT",8,2,NA,NA,7,2,1,1
Exp 2,61,male,1,0,0,1,1,1,3241,22.066,30.472,152.657,"Wed, 10 Apr 2019 12:11:17 GMT",5,3,NA,NA,5,1,1,1
Exp 2,27,female,1,1,0,2,-1,1,2134,23.876,18.455,102.076,"Wed, 10 Apr 2019 11:43:27 GMT",2,6,NA,NA,4,2,0,1
Exp 2,29,male,0,1,0,6,1,1,3412,21.344,20.115,98.064,"Wed, 10 Apr 2019 11:10:32 GMT",2,9,NA,NA,6,2,1,1
Exp 2,31,male,1,0,0,2,3,3,1423,25.698,13.155,81.779,"Wed, 10 Apr 2019 12:31:34 GMT",1,7,NA,NA,6,2,1,1
Exp 2,31,male,0,1,0,3,-1,1,2431,26.062,14.582,164.965,"Wed, 10 Apr 2019 11:12:21 GMT",1,8,NA,NA,6,1,1,1
Exp 2,39,female,1,1,1,1,-1,4,4123,3.051,3.679,31.98,"Wed, 10 Apr 2019 11:18:31 GMT",10,5,NA,NA,6,3,1,1
Exp 2,36,female,0,1,1,3,0,1,4123,4.991,2.958,71.627,"Wed, 10 Apr 2019 11:58:33 GMT",5,6,NA,NA,3,4,0,0
Exp 2,56,male,0,0,0,3,0,4,2413,7.119,3.126,47.759,"Wed, 10 Apr 2019 11:15:32 GMT",6,7,NA,NA,4,5,0,0
Exp 2,28,male,1,0,0,5,2,4,1432,13.129,8.197,123.945,"Wed, 10 Apr 2019 11:08:43 GMT",4,5,NA,NA,3,4,0,0
Exp 2,43,male,1,1,0,3,1,1,1432,22.94,27.827,102.937,"Wed, 10 Apr 2019 11:34:56 GMT",8,0,NA,NA,6,1,1,1
Exp 2,56,male,1,1,0,3,0,1,2341,24.034,30.522,171.724,"Wed, 10 Apr 2019 11:46:33 GMT",1,7,NA,NA,6,1,1,1
Exp 2,37,female,0,1,1,5,2,1,2134,29.002,13.7,102.865,"Wed, 10 Apr 2019 12:16:35 GMT",0,9,NA,NA,6,1,1,1
Exp 2,46,female,0,0,0,4,-1,1,1423,27.124,28.936,140.237,"Wed, 10 Apr 2019 11:48:34 GMT",8,1,NA,NA,2,6,0,0
Exp 2,58,male,0,1,1,1,3,1,2143,35.702,37.93,174.627,"Wed, 10 Apr 2019 11:09:40 GMT",9,4,NA,NA,6,3,1,1
Exp 2,51,male,1,1,0,2,1,1,2143,65.075,18.753,281.415,"Wed, 10 Apr 2019 12:12:14 GMT",9,2,NA,NA,6,1,1,1
Exp 2,27,male,0,1,1,3,-2,1,2341,23.392,8.676,88.614,"Wed, 10 Apr 2019 12:17:38 GMT",1,0,NA,NA,6,2,1,1
Exp 2,67,male,0,1,0,1,3,1,1324,48.734,32.939,171.087,"Wed, 10 Apr 2019 11:08:33 GMT",10,0,NA,NA,7,1,1,1
Exp 2,25,female,0,0,0,1,2,1,3214,25.566,32.908,101.683,"Wed, 10 Apr 2019 11:13:05 GMT",0,10,NA,NA,7,1,1,1
Exp 2,45,male,1,1,0,6,3,1,2431,15.855,12.177,76.712,"Wed, 10 Apr 2019 11:08:45 GMT",8,0,NA,NA,6,1,1,1
Exp 2,31,female,1,1,0,6,0,1,2314,13.447,68.01,187.667,"Wed, 10 Apr 2019 12:07:40 GMT",0,2,NA,NA,5,3,1,1
Exp 2,49,female,1,1,1,5,2,1,1243,32.835,17.801,104.714,"Wed, 10 Apr 2019 11:14:04 GMT",1,2,NA,NA,7,2,1,1
Exp 2,19,male,1,0,0,6,1,1,1243,17.049,17.593,142.93,"Wed, 10 Apr 2019 11:21:12 GMT",3,6,NA,NA,5,3,1,1
Exp 2,34,female,1,1,1,5,1,1,3124,27.499,22.338,116.256,"Wed, 10 Apr 2019 11:14:58 GMT",3,8,NA,NA,6,2,1,1
Exp 2,25,female,1,0,0,6,1,1,3421,17.32,14.825,116.99,"Wed, 10 Apr 2019 11:34:04 GMT",6,4,NA,NA,5,3,1,1
Exp 2,66,male,1,0,0,1,-1,1,3214,22.319,13.105,88.169,"Wed, 10 Apr 2019 11:32:50 GMT",7,5,NA,NA,5,4,1,0
Exp 2,35,female,1,0,0,2,0,1,1243,31.841,8.371,91.272,"Wed, 10 Apr 2019 11:54:19 GMT",2,5,NA,NA,4,2,0,1
Exp 2,35,male,1,1,0,2,1,1,1423,6.184,8.814,98.02,"Wed, 10 Apr 2019 12:04:41 GMT",1,2,NA,NA,3,6,0,0
Exp 2,42,male,1,0,0,1,-1,1,4312,22.053,14.486,174.169,"Wed, 10 Apr 2019 11:53:17 GMT",2,0,NA,NA,1,1,0,1
Exp 2,30,male,0,0,0,3,0,1,3421,207.625,19.555,526.577,"Wed, 10 Apr 2019 12:20:05 GMT",4,5,NA,NA,4,3,0,1
Exp 2,36,female,1,0,0,2,1,1,3142,23.785,23.338,97.275,"Wed, 10 Apr 2019 11:42:17 GMT",3,7,NA,NA,6,3,1,1
Exp 2,61,male,1,0,0,6,0,1,1234,13.301,9.313,76.818,"Wed, 10 Apr 2019 11:48:19 GMT",0,3,NA,NA,1,1,0,1
Exp 2,44,female,0,0,0,5,2,1,3142,23.328,16.008,112.502,"Wed, 10 Apr 2019 12:10:51 GMT",8,6,NA,NA,5,2,1,1
Exp 2,33,female,1,1,0,3,-3,1,1234,23.751,8.129,76.242,"Wed, 10 Apr 2019 11:14:08 GMT",0,10,NA,NA,7,1,1,1
Exp 2,47,male,1,1,0,1,3,1,3142,36.452,39.31,171.744,"Wed, 10 Apr 2019 11:21:04 GMT",9,2,NA,NA,6,2,1,1
Exp 2,43,female,0,0,0,1,0,1,2143,64.565,21.239,168.141,"Wed, 10 Apr 2019 11:11:16 GMT",8,1,NA,NA,6,1,1,1
Exp 2,43,female,1,0,0,6,3,1,3421,35.351,25.062,399.827,"Wed, 10 Apr 2019 12:12:20 GMT",1,5,NA,NA,4,3,0,1
Exp 2,30,male,1,0,0,2,2,1,2314,9.789,21.903,85.997,"Wed, 10 Apr 2019 11:16:59 GMT",8,9,NA,NA,6,6,1,0
Exp 2,40,female,0,1,0,4,1,1,2134,12.78,16.362,106.258,"Wed, 10 Apr 2019 12:10:56 GMT",5,5,NA,NA,4,4,0,0
Exp 2,28,male,0,0,0,4,0,1,1342,27.592,17.088,113.353,"Wed, 10 Apr 2019 12:11:41 GMT",1,7,NA,NA,5,2,1,1
Exp 2,58,female,0,1,1,3,0,1,2341,42.852,30.153,182.872,"Wed, 10 Apr 2019 11:09:10 GMT",5,5,NA,NA,4,4,0,0
Exp 2,35,male,0,0,0,1,2,1,4132,20.558,17.305,112.956,"Wed, 10 Apr 2019 11:16:02 GMT",8,1,NA,NA,6,1,1,1
Exp 2,30,female,0,1,1,2,-2,1,4312,29.192,15.018,107.319,"Wed, 10 Apr 2019 12:04:18 GMT",3,7,NA,NA,6,3,1,1
Exp 2,28,female,0,1,0,1,3,1,3421,37.215,25.097,173.047,"Wed, 10 Apr 2019 11:11:56 GMT",5,4,NA,NA,5,4,1,0
Exp 2,45,female,0,1,0,2,0,1,4231,17.466,9.822,80.589,"Wed, 10 Apr 2019 11:17:38 GMT",8,3,NA,NA,6,2,1,1
Exp 2,35,male,0,1,1,4,-1,1,3124,45.994,25.827,151.256,"Wed, 10 Apr 2019 11:17:06 GMT",5,2,NA,NA,6,2,1,1
Exp 2,49,male,1,0,0,4,-1,1,2314,22.188,10.901,321.759,"Wed, 10 Apr 2019 12:12:05 GMT",8,4,NA,NA,6,3,1,1
Exp 2,55,male,1,0,0,2,-1,1,4123,34.812,14.958,133.862,"Wed, 10 Apr 2019 11:11:03 GMT",6,2,NA,NA,5,2,1,1
Exp 2,35,female,1,1,0,2,-1,1,1234,25.24,22.976,158.441,"Wed, 10 Apr 2019 12:20:35 GMT",0,0,NA,NA,4,1,0,1
Exp 2,46,male,1,0,0,5,0,1,1234,27.791,18.753,190.653,"Wed, 10 Apr 2019 11:22:01 GMT",1,9,NA,NA,6,1,1,1
Exp 2,54,female,0,1,1,4,-2,1,4123,19.256,18.217,101.568,"Wed, 10 Apr 2019 11:27:59 GMT",1,3,NA,NA,4,1,0,1
Exp 2,66,male,0,1,0,3,3,1,4213,84.859,62.648,301.253,"Wed, 10 Apr 2019 12:05:05 GMT",9,7,NA,NA,7,3,1,1
Exp 2,24,male,0,0,0,6,1,1,1423,13.152,13.928,64.435,"Wed, 10 Apr 2019 12:25:49 GMT",5,5,NA,NA,4,4,0,0
Exp 2,22,male,1,1,1,2,1,1,1423,3.928,8.505,32.418,"Wed, 10 Apr 2019 11:30:04 GMT",0,10,NA,NA,7,1,1,1
Exp 2,22,male,0,0,0,5,0,1,1234,26.867,24.423,247.526,"Wed, 10 Apr 2019 11:10:20 GMT",5,5,NA,NA,2,6,0,0
Exp 2,41,female,0,0,0,4,-1,1,4231,27.872,22.813,121.552,"Wed, 10 Apr 2019 11:55:15 GMT",3,7,NA,NA,5,2,1,1
Exp 2,46,male,1,0,0,1,-2,1,2431,22.898,12.75,99.831,"Wed, 10 Apr 2019 11:48:24 GMT",3,5,NA,NA,4,2,0,1
Exp 2,37,female,1,1,0,4,1,1,3214,20.227,8.708,77.715,"Wed, 10 Apr 2019 12:17:52 GMT",2,8,NA,NA,6,1,1,1
Exp 2,34,female,1,1,1,1,0,1,1243,29.093,13.866,258.686,"Wed, 10 Apr 2019 11:58:16 GMT",2,7,NA,NA,6,2,1,1
Exp 2,28,male,1,0,0,4,0,1,2314,49.55,16.92,126.041,"Wed, 10 Apr 2019 12:17:12 GMT",2,1,NA,NA,5,2,1,1
Exp 2,53,male,1,0,0,4,1,1,4123,27.437,14.628,129.204,"Wed, 10 Apr 2019 11:47:02 GMT",0,8,NA,NA,6,1,1,1
Exp 2,54,male,0,1,1,2,-2,4,1342,17.68,35.053,115.989,"Wed, 10 Apr 2019 11:54:19 GMT",4,7,NA,NA,6,3,1,1
Exp 2,63,male,1,1,1,6,2,1,2431,29.307,12.672,116.738,"Wed, 10 Apr 2019 11:09:11 GMT",7,5,NA,NA,5,4,1,0
Exp 2,23,female,1,1,1,5,1,1,1432,19.528,21.234,77.157,"Wed, 10 Apr 2019 11:13:52 GMT",3,6,NA,NA,5,2,1,1
Exp 2,45,female,1,1,1,4,-1,1,4213,38.471,15.54,105.183,"Wed, 10 Apr 2019 11:56:48 GMT",8,2,NA,NA,6,2,1,1
Exp 2,42,male,0,1,0,5,1,1,4321,21.495,12.476,98.403,"Wed, 10 Apr 2019 11:42:31 GMT",1,4,NA,NA,5,2,1,1
Exp 2,40,female,1,0,0,6,1,1,1423,11.08,13.37,51.02,"Wed, 10 Apr 2019 11:40:00 GMT",3,7,NA,NA,6,1,1,1
Exp 2,32,male,1,0,0,6,3,1,3421,17.692,19.011,100.082,"Wed, 10 Apr 2019 11:14:06 GMT",2,6,NA,NA,3,1,0,1
Exp 2,35,female,1,1,0,1,3,1,2134,18.069,61.916,146.103,"Wed, 10 Apr 2019 11:44:43 GMT",0,10,NA,NA,7,1,1,1
Exp 2,63,male,0,0,0,1,-3,1,1324,15.119,35.727,101.902,"Wed, 10 Apr 2019 11:43:18 GMT",10,0,NA,NA,7,1,1,1
Exp 2,40,female,1,0,0,2,2,4,3241,54.26,40.427,138.645,"Wed, 10 Apr 2019 11:15:46 GMT",10,9,NA,NA,7,6,1,0
Exp 2,29,male,1,0,0,2,2,4,2341,16.138,24.051,84.968,"Wed, 10 Apr 2019 11:13:42 GMT",10,7,NA,NA,6,5,1,0
Exp 2,41,female,1,1,1,3,-1,1,3421,23.526,9.005,70.113,"Wed, 10 Apr 2019 11:42:43 GMT",0,7,NA,NA,6,1,1,1
Exp 2,45,male,0,1,1,3,1,3,1324,22.725,16.882,90.915,"Wed, 10 Apr 2019 12:11:16 GMT",1,1,NA,NA,7,1,1,1
Exp 2,32,male,1,1,1,4,2,1,4312,26.219,39.142,112.161,"Wed, 10 Apr 2019 11:10:02 GMT",9,1,NA,NA,6,2,1,1
Exp 2,28,male,0,0,0,6,1,1,1243,17.063,14.356,59.028,"Wed, 10 Apr 2019 11:08:19 GMT",4,6,NA,NA,5,3,1,1
Exp 2,46,female,0,1,0,5,1,1,3214,35.427,20.168,271.872,"Wed, 10 Apr 2019 11:10:29 GMT",1,5,NA,NA,2,2,0,1
Exp 2,29,female,0,1,0,4,-1,1,4213,70.839,26.666,149.756,"Wed, 10 Apr 2019 11:23:05 GMT",3,8,NA,NA,6,3,1,1
Exp 2,48,female,0,0,0,3,-1,1,3124,42.935,17.45,162.324,"Wed, 10 Apr 2019 11:14:36 GMT",2,8,NA,NA,5,2,1,1
Exp 2,41,female,0,1,0,6,3,1,1234,66.093,25.328,192.867,"Wed, 10 Apr 2019 11:17:01 GMT",6,2,NA,NA,5,2,1,1
Exp 2,48,female,1,1,0,2,3,3,3241,11.315,5.056,57.625,"Wed, 10 Apr 2019 11:10:52 GMT",8,9,NA,NA,6,6,1,0
Exp 2,29,male,1,0,0,1,3,1,4231,42.144,31.6,129.726,"Wed, 10 Apr 2019 12:09:02 GMT",9,1,NA,NA,6,1,1,1
Exp 2,32,male,1,0,0,4,0,1,1234,34.602,13.954,103.624,"Wed, 10 Apr 2019 11:13:02 GMT",1,2,NA,NA,7,1,1,1
Exp 2,25,male,0,1,0,2,2,1,1342,15.613,38.09,79.292,"Wed, 10 Apr 2019 11:57:41 GMT",3,8,NA,NA,5,4,1,0
Exp 2,69,male,1,0,0,1,0,1,3421,23.887,17.027,93.712,"Wed, 10 Apr 2019 11:55:37 GMT",10,0,NA,NA,7,1,1,1
Exp 2,43,female,1,1,0,2,0,1,2413,22.913,16.14,112.969,"Wed, 10 Apr 2019 11:11:33 GMT",8,3,NA,NA,6,2,1,1
Exp 2,26,male,0,0,0,5,1,2,2134,126.96,58.152,410.387,"Wed, 10 Apr 2019 11:36:22 GMT",4,6,NA,NA,4,4,0,0
Exp 2,65,male,0,0,0,2,1,1,4321,20.209,25.523,124.323,"Wed, 10 Apr 2019 12:00:55 GMT",2,8,NA,NA,7,1,1,1
Exp 2,37,male,1,0,0,6,3,1,2134,30.117,38.058,146.596,"Wed, 10 Apr 2019 11:58:58 GMT",2,0,NA,NA,7,2,1,1
Exp 2,54,female,0,0,0,2,1,1,4123,57.119,21.04,175.532,"Wed, 10 Apr 2019 11:09:08 GMT",7,2,NA,NA,3,1,0,1
Exp 2,46,female,1,0,0,4,0,1,1234,24.414,18.514,102.958,"Wed, 10 Apr 2019 12:20:09 GMT",8,2,NA,NA,5,2,1,1
Exp 2,37,male,1,0,0,4,1,1,4312,17.432,8.847,237.281,"Wed, 10 Apr 2019 11:09:20 GMT",3,7,NA,NA,6,2,1,1
Exp 2,38,male,0,0,0,5,1,1,4213,20.446,21.678,92.564,"Wed, 10 Apr 2019 11:49:01 GMT",0,2,NA,NA,6,2,1,1
Exp 2,30,male,0,0,0,2,0,1,1243,13.749,10.839,66.672,"Wed, 10 Apr 2019 11:36:19 GMT",2,8,NA,NA,7,1,1,1
Exp 2,56,female,0,0,0,2,2,1,2341,30.06,229.177,319.008,"Wed, 10 Apr 2019 11:52:25 GMT",2,9,NA,NA,6,2,1,1
Exp 2,31,female,1,1,1,4,1,1,2413,17.714,16.793,110.116,"Wed, 10 Apr 2019 11:59:16 GMT",3,8,NA,NA,6,2,1,1
Exp 2,34,female,1,0,0,4,2,1,2143,24.241,11.787,167.526,"Wed, 10 Apr 2019 11:31:53 GMT",3,7,NA,NA,5,3,1,1
Exp 2,64,male,1,1,0,1,3,1,2143,27.2,28.194,161.928,"Wed, 10 Apr 2019 11:50:32 GMT",2,8,NA,NA,6,2,1,1
Exp 2,33,male,1,0,0,3,1,4,3142,5.527,7.348,74.184,"Wed, 10 Apr 2019 11:08:17 GMT",5,5,NA,NA,4,4,0,0
Exp 2,55,female,0,1,0,5,0,1,2341,12.446,13.11,62.03,"Wed, 10 Apr 2019 12:20:58 GMT",2,8,NA,NA,6,3,1,1
Exp 2,32,male,0,1,1,4,-1,1,2413,33.838,10.813,115.043,"Wed, 10 Apr 2019 11:53:11 GMT",2,9,NA,NA,7,2,1,1
Exp 2,39,male,0,0,0,1,0,1,3241,26.568,12.663,73.573,"Wed, 10 Apr 2019 11:45:54 GMT",4,2,NA,NA,6,2,1,1
Exp 2,38,female,1,1,0,5,1,1,3241,19.029,9.011,106.179,"Wed, 10 Apr 2019 11:56:06 GMT",2,7,NA,NA,5,3,1,1
Exp 2,23,female,1,1,1,4,1,1,3142,21.403,20.464,100.684,"Wed, 10 Apr 2019 11:49:53 GMT",3,6,NA,NA,5,3,1,1
Exp 2,60,male,0,0,0,6,0,3,3421,55.912,68.126,252.814,"Wed, 10 Apr 2019 11:15:41 GMT",0,7,NA,NA,6,1,1,1
Exp 2,39,male,1,1,0,3,-1,1,4312,14.412,25.053,75.712,"Wed, 10 Apr 2019 11:58:02 GMT",8,2,NA,NA,6,2,1,1
Exp 2,44,female,0,1,1,4,0,2,2143,36.844,215.541,310.944,"Wed, 10 Apr 2019 11:19:05 GMT",5,5,NA,NA,4,7,0,0
Exp 2,31,female,1,0,0,5,-2,1,3142,25.047,17.78,108.116,"Wed, 10 Apr 2019 12:19:57 GMT",0,4,NA,NA,6,3,1,1
Exp 2,30,male,0,1,0,6,3,1,1342,11.883,9.217,62.704,"Wed, 10 Apr 2019 11:32:02 GMT",4,6,NA,NA,5,3,1,1
Exp 2,37,male,0,0,0,1,2,3,3421,10.856,155.948,203.458,"Wed, 10 Apr 2019 11:17:17 GMT",0,6,NA,NA,5,1,1,1
Exp 2,48,male,0,1,1,1,0,1,1342,16.37,21.89,89.382,"Wed, 10 Apr 2019 11:46:42 GMT",6,2,NA,NA,5,2,1,1
Exp 2,27,male,0,0,0,3,1,1,2143,21.392,11.646,67.574,"Wed, 10 Apr 2019 11:50:22 GMT",0,6,NA,NA,6,1,1,1
Exp 2,69,female,0,0,0,4,-1,1,4213,34.75,26.923,235.978,"Wed, 10 Apr 2019 11:57:12 GMT",1,9,NA,NA,6,2,1,1
Exp 2,34,female,0,1,0,5,1,1,4213,24.653,27.355,112.271,"Wed, 10 Apr 2019 11:49:17 GMT",0,2,NA,NA,2,1,0,1
Exp 2,29,female,1,1,1,3,0,1,1423,12.899,39.023,115.424,"Wed, 10 Apr 2019 11:17:11 GMT",9,5,NA,NA,6,4,1,0
Exp 2,47,female,0,1,0,5,2,1,4123,48.72,25.609,210.783,"Wed, 10 Apr 2019 11:47:49 GMT",0,9,NA,NA,6,2,1,1
Exp 2,41,male,1,0,0,2,-1,1,1342,45.109,25.86,134.117,"Wed, 10 Apr 2019 12:13:06 GMT",1,7,NA,NA,7,1,1,1
Exp 2,40,female,0,0,0,5,1,1,4321,22.789,16.246,105.905,"Wed, 10 Apr 2019 11:48:55 GMT",1,8,NA,NA,6,1,1,1
Exp 2,32,male,0,0,0,1,3,1,2431,3.672,10.426,76.736,"Wed, 10 Apr 2019 11:31:10 GMT",8,2,NA,NA,7,1,1,1
Exp 2,42,female,1,1,0,5,2,1,4123,10.325,9.054,82.878,"Wed, 10 Apr 2019 11:13:39 GMT",1,9,NA,NA,6,2,1,1
Exp 2,25,male,1,1,0,3,1,2,3214,4.138,3.062,41.46,"Wed, 10 Apr 2019 11:06:58 GMT",7,8,NA,NA,5,6,1,0
Exp 2,37,female,0,1,1,1,3,4,4213,4.673,18.866,103.562,"Wed, 10 Apr 2019 11:09:37 GMT",9,5,NA,NA,7,4,1,0
Exp 2,63,female,1,1,1,1,3,1,2143,16.248,11.171,76.109,"Wed, 10 Apr 2019 11:49:53 GMT",3,8,NA,NA,6,1,1,1
Exp 2,32,male,1,1,0,4,-2,1,3142,42.366,25.908,188.06,"Wed, 10 Apr 2019 11:09:45 GMT",0,6,NA,NA,5,1,1,1
Exp 2,39,male,1,0,0,3,0,1,2143,26.52,15.403,107.988,"Wed, 10 Apr 2019 11:08:51 GMT",8,0,NA,NA,7,1,1,1
Exp 2,33,male,0,0,0,1,3,1,1432,23.392,9.885,189.501,"Wed, 10 Apr 2019 11:40:25 GMT",0,10,NA,NA,7,1,1,1
Exp 2,38,female,0,0,0,5,2,1,3124,19.205,12.73,86.25,"Wed, 10 Apr 2019 11:35:41 GMT",3,2,NA,NA,5,3,1,1
Exp 2,38,female,1,0,0,4,0,1,3124,26.23,25.441,117.442,"Wed, 10 Apr 2019 11:13:31 GMT",1,4,NA,NA,4,4,0,0
Exp 2,31,male,1,0,0,5,2,1,4123,30.98,18.304,135.331,"Wed, 10 Apr 2019 11:37:23 GMT",5,5,NA,NA,4,4,0,0
Exp 2,55,male,0,0,0,3,0,1,2431,15.049,14.761,556.084,"Wed, 10 Apr 2019 12:19:26 GMT",1,0,NA,NA,2,1,0,1
Exp 2,41,female,0,1,0,6,3,1,4132,12.206,8.164,52.182,"Wed, 10 Apr 2019 11:06:47 GMT",0,10,NA,NA,7,1,1,1
Exp 2,57,female,0,1,0,2,-2,1,2431,31.654,15.535,105.828,"Wed, 10 Apr 2019 11:08:13 GMT",7,1,NA,NA,6,1,1,1
Exp 2,57,male,0,0,0,3,-1,1,2413,66.133,48.185,270.943,"Wed, 10 Apr 2019 11:11:41 GMT",2,6,NA,NA,4,2,0,1
Exp 2,45,female,0,0,0,4,1,1,3142,24.205,15.426,118.454,"Wed, 10 Apr 2019 11:46:20 GMT",1,1,NA,NA,6,2,1,1
Exp 2,41,female,1,0,0,6,3,1,4132,23.094,28.896,109.977,"Wed, 10 Apr 2019 12:05:45 GMT",9,2,NA,NA,6,1,1,1
Exp 2,33,male,1,1,1,1,0,1,1234,29.812,310.632,408.024,"Wed, 10 Apr 2019 11:46:33 GMT",5,5,NA,NA,4,4,0,0
Exp 2,48,female,0,1,1,2,1,1,1243,22.789,17.757,105.809,"Wed, 10 Apr 2019 11:47:28 GMT",6,6,NA,NA,6,2,1,1
Exp 2,29,female,0,0,0,2,1,1,1324,19.774,14.139,94.48,"Wed, 10 Apr 2019 11:42:37 GMT",8,2,NA,NA,6,2,1,1
Exp 2,31,male,0,0,0,2,0,3,3124,13.697,22.935,72.168,"Wed, 10 Apr 2019 11:09:03 GMT",0,5,NA,NA,4,1,0,1
Exp 2,28,male,1,0,0,5,3,1,3412,8.461,11.247,55.249,"Wed, 10 Apr 2019 11:53:47 GMT",2,3,NA,NA,7,1,1,1
Exp 2,36,male,0,1,1,3,-2,1,4132,23.445,10.066,80.173,"Mon, 08 Apr 2019 11:09:49 GMT",3,4,NA,NA,4,2,0,1
Exp 2,26,male,1,0,0,4,3,1,2341,20.755,17.937,771.558,"Wed, 10 Apr 2019 12:19:54 GMT",10,4,NA,NA,7,3,1,1
Exp 2,28,female,0,0,0,3,-1,1,2431,27.864,26.601,237.084,"Wed, 10 Apr 2019 11:35:23 GMT",1,9,NA,NA,6,1,1,1
Exp 2,34,female,0,1,0,6,3,1,4312,23.045,16.932,80.392,"Wed, 10 Apr 2019 12:13:18 GMT",2,0,NA,NA,7,2,1,1
Exp 2,26,male,1,1,1,4,0,1,2341,25.03,11.486,75.537,"Wed, 10 Apr 2019 11:31:17 GMT",5,2,NA,NA,4,2,0,1
Exp 2,49,female,0,0,0,1,2,1,4123,28.004,21.573,252.871,"Wed, 10 Apr 2019 11:12:23 GMT",4,0,NA,NA,5,3,1,1
Exp 2,40,male,0,1,1,2,3,4,4231,18.446,3.028,56.612,"Wed, 10 Apr 2019 11:07:25 GMT",10,0,NA,NA,6,7,1,0
Exp 2,37,male,1,0,0,6,2,3,4312,14.96,19.195,62.1,"Wed, 10 Apr 2019 11:14:01 GMT",3,8,NA,NA,5,3,1,1
Exp 2,46,female,1,1,1,4,0,1,3241,27.072,11.785,136.703,"Wed, 10 Apr 2019 11:58:31 GMT",7,3,NA,NA,6,2,1,1
Exp 2,32,male,0,0,0,1,3,1,2341,11.621,13.875,70.816,"Wed, 10 Apr 2019 11:16:22 GMT",6,4,NA,NA,6,1,1,1
Exp 2,36,male,1,0,0,4,1,1,1234,28.363,15.519,107.95,"Wed, 10 Apr 2019 11:40:37 GMT",6,2,NA,NA,5,2,1,1
Exp 2,39,female,0,0,0,4,2,1,1342,27.513,13.45,88.153,"Wed, 10 Apr 2019 11:45:19 GMT",0,9,NA,NA,7,1,1,1
Exp 2,52,female,0,1,1,4,0,1,4213,26.683,56.384,184.214,"Wed, 10 Apr 2019 11:17:18 GMT",2,0,NA,NA,7,3,1,1
Exp 2,61,female,1,1,0,1,3,1,1243,25.247,13.9,145.485,"Wed, 10 Apr 2019 11:11:26 GMT",0,8,NA,NA,5,1,1,1
Exp 2,30,female,0,0,0,2,3,3,3421,6.408,11.07,40.944,"Wed, 10 Apr 2019 11:09:19 GMT",10,9,NA,NA,7,6,1,0
Exp 2,38,male,0,1,0,6,3,1,1324,32.759,32.643,194.771,"Wed, 10 Apr 2019 11:48:59 GMT",0,3,NA,NA,5,2,1,1
Exp 2,68,female,0,0,0,1,-1,1,1243,22.191,16.088,105.041,"Wed, 10 Apr 2019 11:44:08 GMT",2,8,NA,NA,6,1,1,1
Exp 2,54,female,1,0,0,2,2,1,4132,21.703,11.714,138.842,"Wed, 10 Apr 2019 11:18:48 GMT",9,1,NA,NA,6,2,1,1
Exp 2,37,male,0,1,0,3,2,1,4132,24.526,16.25,94.47,"Wed, 10 Apr 2019 11:11:57 GMT",8,5,NA,NA,6,3,1,1
Exp 2,35,male,0,0,0,6,1,1,2413,21.049,19.709,114.955,"Wed, 10 Apr 2019 11:18:54 GMT",7,1,NA,NA,5,1,1,1
Exp 2,52,male,0,0,0,1,3,1,1324,14.927,17.225,68.37,"Wed, 10 Apr 2019 12:11:15 GMT",5,5,NA,NA,3,5,0,0
Exp 2,64,male,1,1,1,1,2,1,1423,17.913,18.534,108.692,"Wed, 10 Apr 2019 11:07:38 GMT",9,1,NA,NA,7,2,1,1
Exp 2,48,male,0,1,0,2,0,1,1324,21.088,20.795,104.089,"Wed, 10 Apr 2019 11:16:03 GMT",8,2,NA,NA,6,2,1,1
Exp 2,44,female,0,1,0,1,1,1,2413,51.384,24.067,195.267,"Wed, 10 Apr 2019 12:07:12 GMT",7,2,NA,NA,6,2,1,1
Exp 2,44,female,0,0,0,4,-1,1,3142,61.455,29.397,138.713,"Wed, 10 Apr 2019 11:09:02 GMT",5,9,NA,NA,6,5,1,0
Exp 2,19,female,1,0,0,4,-1,1,2134,24.86,6.612,66.489,"Wed, 10 Apr 2019 11:18:01 GMT",2,8,NA,NA,6,1,1,1
Exp 2,45,female,1,1,1,3,0,1,4132,32.163,19.918,171.593,"Wed, 10 Apr 2019 11:19:08 GMT",3,4,NA,NA,2,4,0,0
Exp 2,23,male,0,1,1,3,0,1,2341,16.401,27.972,121.638,"Wed, 10 Apr 2019 11:09:35 GMT",6,6,NA,NA,6,6,1,0
Exp 2,29,female,0,0,0,1,2,4,2431,3.352,3.527,28.035,"Wed, 10 Apr 2019 11:17:49 GMT",10,9,NA,NA,7,6,1,0
Exp 2,68,male,1,0,0,1,2,1,1342,20.755,13.549,87.921,"Wed, 10 Apr 2019 12:02:24 GMT",0,10,NA,NA,7,1,1,1
Exp 2,27,male,0,0,0,1,2,1,4321,20.48,12.818,90.118,"Wed, 10 Apr 2019 12:04:50 GMT",2,7,NA,NA,5,1,1,1
Exp 2,33,male,0,0,0,2,1,1,2413,188.653,17.74,280.8,"Wed, 10 Apr 2019 12:18:20 GMT",2,5,NA,NA,5,2,1,1
Exp 2,31,male,1,0,0,3,1,1,1432,98.952,28.019,428.163,"Wed, 10 Apr 2019 12:14:43 GMT",5,6,NA,NA,5,3,1,1
Exp 2,27,male,1,0,0,5,2,1,3124,16.682,7.174,54.454,"Wed, 10 Apr 2019 11:08:01 GMT",8,3,NA,NA,6,3,1,1
Exp 2,59,female,1,1,0,3,0,1,3412,58.776,30.382,283.235,"Wed, 10 Apr 2019 11:11:20 GMT",6,6,NA,NA,4,5,0,0
Exp 2,45,female,1,0,0,3,-1,1,4321,26.536,14.53,97.312,"Wed, 10 Apr 2019 11:27:29 GMT",2,7,NA,NA,6,1,1,1
Exp 2,35,male,1,1,1,4,-1,1,2143,20.518,24.254,89.332,"Wed, 10 Apr 2019 11:20:22 GMT",8,2,NA,NA,6,2,1,1
Exp 2,29,female,0,0,0,6,3,4,4231,37.202,66.329,153.088,"Wed, 10 Apr 2019 11:15:18 GMT",0,10,NA,NA,7,1,1,1
Exp 2,25,male,0,0,0,6,1,1,4123,67.711,43.054,220.423,"Wed, 10 Apr 2019 11:18:32 GMT",5,8,NA,NA,6,6,1,0
Exp 2,27,female,0,0,0,4,0,1,3142,23.406,30.085,244.454,"Wed, 10 Apr 2019 12:00:24 GMT",0,10,NA,NA,7,1,1,1
Exp 2,46,male,1,0,0,1,2,1,3214,20.231,10.868,90.134,"Wed, 10 Apr 2019 11:34:51 GMT",10,0,NA,NA,7,1,1,1
Exp 2,30,male,0,0,0,6,0,1,1423,53.046,49.617,198.231,"Wed, 10 Apr 2019 11:16:09 GMT",0,9,NA,NA,7,1,1,1
Exp 2,68,female,1,0,0,4,1,1,4132,18.93,20.107,96.656,"Wed, 10 Apr 2019 12:12:21 GMT",0,9,NA,NA,7,1,1,1
Exp 2,31,female,0,1,0,2,-3,1,4132,163.272,12.673,217.696,"Wed, 10 Apr 2019 11:13:35 GMT",10,0,NA,NA,7,1,1,1
Exp 2,36,female,1,1,1,1,3,1,1432,9.992,13.66,95.717,"Wed, 10 Apr 2019 12:32:01 GMT",9,1,NA,NA,6,1,1,1
Exp 2,36,female,0,0,0,2,1,1,2413,55.169,7.549,208.757,"Wed, 10 Apr 2019 11:18:33 GMT",1,9,NA,NA,6,3,1,1
Exp 2,31,female,1,1,0,2,2,1,3214,13.738,16.589,67.023,"Wed, 10 Apr 2019 11:27:13 GMT",2,9,NA,NA,7,2,1,1
Exp 2,64,male,1,1,1,1,2,1,3142,15.956,20.063,85.127,"Wed, 10 Apr 2019 11:18:28 GMT",3,0,NA,NA,6,2,1,1
Exp 2,54,female,0,0,0,2,2,1,3124,22.834,27.955,178.886,"Wed, 10 Apr 2019 11:51:01 GMT",8,8,NA,NA,5,6,1,0
Exp 2,26,male,1,1,0,6,2,3,1423,18.565,12.653,76.931,"Wed, 10 Apr 2019 11:36:52 GMT",0,3,NA,NA,5,2,1,1
Exp 2,41,male,0,1,1,6,1,1,4213,49.447,79.439,223.267,"Wed, 10 Apr 2019 11:16:08 GMT",4,9,NA,NA,6,2,1,1
Exp 2,34,male,0,1,1,4,-2,1,3412,29.842,14.068,101.716,"Wed, 10 Apr 2019 11:14:24 GMT",3,7,NA,NA,5,2,1,1
Exp 2,26,male,1,1,1,2,2,1,3241,32.427,11.287,108.005,"Wed, 10 Apr 2019 11:08:41 GMT",1,2,NA,NA,2,2,0,1
Exp 2,33,male,0,0,0,1,0,1,2341,31.803,41.962,206.51,"Wed, 10 Apr 2019 11:08:53 GMT",5,9,NA,NA,6,1,1,1
Exp 2,64,female,1,0,0,3,2,1,4132,19.249,17.851,98.614,"Wed, 10 Apr 2019 11:56:54 GMT",10,2,NA,NA,7,2,1,1
Exp 2,49,male,1,1,1,1,2,1,3421,31.744,17.958,150.779,"Wed, 10 Apr 2019 12:06:34 GMT",9,1,NA,NA,6,2,1,1
Exp 2,25,female,0,0,0,3,1,1,2314,62.337,42.016,203.679,"Wed, 10 Apr 2019 12:04:01 GMT",5,5,NA,NA,4,4,0,0
Exp 2,44,female,1,1,0,4,-1,1,1342,6.594,16.959,50.632,"Wed, 10 Apr 2019 11:45:13 GMT",8,5,NA,NA,6,2,1,1
Exp 2,46,female,1,1,0,1,0,1,1324,19.586,11.735,74.505,"Wed, 10 Apr 2019 11:51:03 GMT",1,7,NA,NA,4,1,0,1
Exp 2,30,female,1,1,0,2,2,1,2341,17.418,26.131,104.118,"Wed, 10 Apr 2019 11:16:58 GMT",9,7,NA,NA,7,5,1,0
Exp 2,49,female,0,0,0,2,2,1,4213,38.595,251.869,436.156,"Wed, 10 Apr 2019 12:10:25 GMT",1,8,NA,NA,4,2,0,1
Exp 2,35,female,1,1,1,1,3,4,4123,16.655,13.529,96.693,"Wed, 10 Apr 2019 11:10:06 GMT",10,0,NA,NA,4,6,0,0
Exp 2,47,female,0,1,0,1,1,1,4132,12.575,12.357,67.849,"Wed, 10 Apr 2019 12:28:06 GMT",3,0,NA,NA,6,2,1,1
Exp 2,56,female,1,0,0,6,2,1,1432,20.308,15.987,103.299,"Wed, 10 Apr 2019 11:18:54 GMT",0,6,NA,NA,5,1,1,1
Exp 2,34,female,1,1,1,3,-1,1,4123,27.367,19.789,129.955,"Wed, 10 Apr 2019 11:40:29 GMT",2,7,NA,NA,5,3,1,1
Exp 2,48,male,1,0,0,5,-1,1,2314,34.997,26.985,115.867,"Wed, 10 Apr 2019 11:08:18 GMT",8,0,NA,NA,6,2,1,1
Exp 2,30,male,0,0,0,2,2,1,1342,7.933,38.267,75.456,"Mon, 08 Apr 2019 11:08:57 GMT",8,3,NA,NA,6,3,1,1
Exp 2,25,female,1,0,0,3,1,1,1243,22.872,126.638,212.981,"Wed, 10 Apr 2019 11:08:05 GMT",7,7,NA,NA,4,5,0,0
Exp 2,26,female,0,1,1,4,0,1,1423,19.402,10.512,120.886,"Wed, 10 Apr 2019 12:08:23 GMT",2,9,NA,NA,7,2,1,1
Exp 2,32,male,1,0,0,5,2,1,1342,46.358,18.389,182.949,"Wed, 10 Apr 2019 11:13:02 GMT",0,7,NA,NA,5,1,1,1
Exp 2,30,male,1,1,0,5,2,1,2431,15.447,13.488,194.847,"Wed, 10 Apr 2019 11:19:47 GMT",3,7,NA,NA,6,3,1,1
Exp 2,29,male,0,0,0,1,0,2,2341,3.688,5.726,40.297,"Wed, 10 Apr 2019 10:58:20 GMT",6,7,NA,NA,4,6,0,0
Exp 2,67,female,1,0,0,6,3,1,3124,21.992,23.604,115.128,"Wed, 10 Apr 2019 11:43:06 GMT",6,0,NA,NA,7,4,1,0
Exp 2,43,male,1,1,0,4,-2,1,1423,51.104,15.471,145.258,"Wed, 10 Apr 2019 11:45:21 GMT",4,2,NA,NA,4,5,0,0
Exp 2,42,male,0,1,0,6,3,1,2314,14.391,15.353,71.691,"Wed, 10 Apr 2019 11:49:59 GMT",1,0,NA,NA,7,2,1,1
Exp 2,39,female,1,1,0,6,0,1,1423,32.271,29.348,258.046,"Wed, 10 Apr 2019 11:12:27 GMT",5,5,NA,NA,6,4,1,0
Exp 2,35,male,0,1,1,1,0,1,1234,49.188,26.901,229.529,"Wed, 10 Apr 2019 11:32:25 GMT",8,1,NA,NA,6,1,1,1
Exp 2,29,female,1,0,0,5,2,1,3241,22.924,19.887,68.306,"Wed, 10 Apr 2019 11:53:29 GMT",0,10,NA,NA,7,1,1,1
Exp 2,35,female,0,0,0,3,-2,1,2413,28.131,42.449,133.957,"Wed, 10 Apr 2019 12:04:46 GMT",9,1,NA,NA,7,1,1,1
Exp 2,65,male,1,0,0,2,2,3,2314,20.288,42.703,109.439,"Wed, 10 Apr 2019 11:24:07 GMT",8,3,NA,NA,6,2,1,1
Exp 2,55,female,0,1,0,4,-1,1,1243,30.749,23.768,226.85,"Wed, 10 Apr 2019 11:45:08 GMT",5,8,NA,NA,6,2,1,1
Exp 2,62,male,0,0,0,4,0,1,2431,32.303,43.166,180.945,"Wed, 10 Apr 2019 12:17:53 GMT",8,2,NA,NA,6,2,1,1
Exp 2,35,male,0,0,0,4,3,3,3241,15.713,23.771,83.115,"Wed, 10 Apr 2019 11:27:02 GMT",5,6,NA,NA,3,3,0,1
Exp 2,23,male,0,0,0,2,-2,1,3421,12.756,37.906,103.131,"Wed, 10 Apr 2019 12:27:24 GMT",0,10,NA,NA,7,1,1,1
Exp 2,26,female,0,1,0,1,0,1,3421,26.137,20.949,142.372,"Wed, 10 Apr 2019 11:54:33 GMT",10,0,NA,NA,7,1,1,1
Exp 2,28,male,1,0,0,3,2,1,3412,8.934,22.732,67.465,"Wed, 10 Apr 2019 12:05:51 GMT",6,7,NA,NA,5,6,1,0
Exp 2,38,female,1,0,0,1,-1,1,2413,25.328,19.442,87.701,"Wed, 10 Apr 2019 11:10:02 GMT",5,5,NA,NA,4,4,0,0
Exp 2,27,female,1,1,0,4,1,1,2314,19.555,55.648,174.587,"Wed, 10 Apr 2019 11:59:00 GMT",1,7,NA,NA,5,2,1,1
Exp 2,22,female,0,0,0,3,3,3,1342,9.2,25.695,63.77,"Wed, 10 Apr 2019 12:13:36 GMT",5,5,NA,NA,2,6,0,0
Exp 2,28,male,0,1,1,3,2,1,3124,36.945,4.121,131.999,"Wed, 10 Apr 2019 11:11:29 GMT",9,8,NA,NA,5,6,1,0
Exp 2,28,male,0,1,0,6,3,1,2134,32.23,29.542,112.761,"Wed, 10 Apr 2019 11:28:08 GMT",5,0,NA,NA,5,1,1,1
Exp 2,41,male,1,0,0,5,2,1,3421,19.624,17.471,144.914,"Wed, 10 Apr 2019 11:08:43 GMT",0,6,NA,NA,5,1,1,1
Exp 2,45,female,1,0,0,4,2,1,3124,20.761,16.868,74.187,"Wed, 10 Apr 2019 11:45:19 GMT",6,5,NA,NA,5,4,1,0
Exp 2,49,male,0,0,0,2,0,1,4231,16.239,10.297,71.71,"Wed, 10 Apr 2019 11:57:28 GMT",1,1,NA,NA,7,1,1,1
Exp 2,40,female,0,1,0,5,1,1,2341,38.168,15.925,132.611,"Wed, 10 Apr 2019 11:26:49 GMT",4,4,NA,NA,5,4,1,0
Exp 2,23,female,0,1,0,3,0,1,3241,86.849,29.767,208.708,"Wed, 10 Apr 2019 11:11:26 GMT",10,0,NA,NA,6,1,1,1
Exp 2,40,female,0,1,1,1,2,1,3124,21.717,12.658,86.226,"Wed, 10 Apr 2019 11:17:51 GMT",5,5,NA,NA,4,4,0,0
Exp 2,29,male,0,1,1,2,1,3,3142,10.458,26.329,828.445,"Wed, 10 Apr 2019 11:50:49 GMT",7,3,NA,NA,6,4,1,0
Exp 2,24,female,1,1,0,3,-1,1,3412,15.858,8.734,71.743,"Wed, 10 Apr 2019 11:08:20 GMT",0,10,NA,NA,7,1,1,1
Exp 2,34,male,1,0,0,3,0,1,2143,17.929,16.661,90.354,"Wed, 10 Apr 2019 12:11:07 GMT",0,8,NA,NA,7,1,1,1
Exp 2,41,male,0,0,0,3,2,1,2413,21.962,13.586,94.467,"Wed, 10 Apr 2019 11:11:43 GMT",2,5,NA,NA,5,1,1,1
Exp 2,70,female,0,1,0,6,2,1,3412,21.303,17.939,140.405,"Wed, 10 Apr 2019 11:08:20 GMT",2,6,NA,NA,2,2,0,1
Exp 2,54,female,0,0,0,5,-1,1,3124,26.158,22.698,135.354,"Wed, 10 Apr 2019 11:11:17 GMT",5,7,NA,NA,5,4,1,0
Exp 2,27,male,0,0,0,6,3,1,3412,30.16,27.749,156.387,"Wed, 10 Apr 2019 11:11:22 GMT",0,3,NA,NA,6,1,1,1
Exp 2,39,male,0,0,0,5,2,1,3142,33.492,32.108,165.464,"Wed, 10 Apr 2019 11:19:12 GMT",5,7,NA,NA,4,4,0,0
Exp 2,35,male,1,1,1,3,2,3,2431,12.707,8.652,67.171,"Wed, 10 Apr 2019 12:00:33 GMT",10,5,NA,NA,7,1,1,1
Exp 2,30,male,1,0,0,4,0,1,1342,67.071,16.157,201.643,"Wed, 10 Apr 2019 11:46:55 GMT",0,7,NA,NA,5,1,1,1
Exp 2,34,female,0,0,0,6,2,1,2413,29.791,13.953,114.666,"Wed, 10 Apr 2019 11:12:49 GMT",4,0,NA,NA,5,1,1,1
Exp 2,40,male,1,1,1,2,0,1,1243,17.084,22.727,90.688,"Wed, 10 Apr 2019 11:09:54 GMT",5,1,NA,NA,4,2,0,1
Exp 2,28,male,0,1,1,3,-2,1,4213,29.831,15.828,100.014,"Wed, 10 Apr 2019 11:37:10 GMT",3,4,NA,NA,5,3,1,1
Exp 2,41,female,0,1,0,1,3,1,2314,24.733,21.601,88.383,"Wed, 10 Apr 2019 11:36:03 GMT",7,4,NA,NA,5,3,1,1
Exp 2,51,female,1,0,0,2,1,1,1324,33.681,50.402,168.02,"Wed, 10 Apr 2019 11:50:37 GMT",9,3,NA,NA,7,1,1,1
Exp 2,50,female,1,0,0,4,-1,1,3124,24.308,14.78,101.702,"Wed, 10 Apr 2019 11:19:04 GMT",10,2,NA,NA,7,2,1,1
Exp 2,57,female,0,1,0,1,0,1,2134,44.937,33.342,169.04,"Wed, 10 Apr 2019 11:56:35 GMT",5,2,NA,NA,4,2,0,1
Exp 2,43,male,1,1,1,4,0,2,2413,22.399,73.485,132.04,"Wed, 10 Apr 2019 12:17:19 GMT",0,10,NA,NA,7,1,1,1
Exp 2,43,female,1,0,0,6,3,1,2134,23.826,14.643,238.238,"Wed, 10 Apr 2019 11:14:13 GMT",2,8,NA,NA,5,1,1,1
Exp 2,34,male,0,0,0,1,0,1,4123,18.084,31.192,756.483,"Wed, 10 Apr 2019 12:28:17 GMT",0,7,NA,NA,5,2,1,1
Exp 2,33,female,1,0,0,1,3,1,2143,17.382,16.725,60.464,"Mon, 08 Apr 2019 11:18:35 GMT",8,1,NA,NA,6,1,1,1
Exp 2,58,female,1,1,1,3,1,1,2314,22.094,10.2,83.085,"Wed, 10 Apr 2019 11:53:16 GMT",5,5,NA,NA,4,4,0,0
Exp 2,57,male,1,0,0,6,-1,1,1243,30.519,22.463,142.295,"Wed, 10 Apr 2019 11:11:42 GMT",0,10,NA,NA,7,1,1,1
Exp 2,36,female,0,0,0,4,-1,1,1234,19.845,13.373,341.697,"Wed, 10 Apr 2019 11:49:19 GMT",0,4,NA,NA,5,5,1,0
Exp 2,23,female,0,0,0,6,1,1,1234,38.289,30.226,200.767,"Wed, 10 Apr 2019 11:09:42 GMT",6,5,NA,NA,5,4,1,0
Exp 2,53,male,1,1,1,5,0,1,1342,29.586,22.522,116.66,"Wed, 10 Apr 2019 11:09:51 GMT",7,7,NA,NA,2,2,0,1
Exp 2,33,female,0,0,0,2,-2,1,1342,16.738,11.339,73.765,"Wed, 10 Apr 2019 11:08:56 GMT",2,8,NA,NA,5,2,1,1
Exp 2,41,female,0,1,0,5,-1,1,2341,39.112,19.605,158.871,"Wed, 10 Apr 2019 12:09:47 GMT",2,7,NA,NA,5,2,1,1
Exp 2,31,female,1,1,1,3,-2,1,3214,24.626,16.927,84.578,"Wed, 10 Apr 2019 12:14:32 GMT",8,1,NA,NA,6,2,1,1
Exp 2,40,male,1,1,0,1,-2,1,1423,33.101,12.059,105.279,"Wed, 10 Apr 2019 11:08:04 GMT",5,5,NA,NA,1,6,0,0
Exp 2,29,female,1,1,0,3,1,1,3142,11.072,8.075,78.843,"Wed, 10 Apr 2019 11:13:12 GMT",9,2,NA,NA,7,2,1,1
Exp 2,54,female,0,0,0,3,-1,1,4231,23.055,14.59,91.435,"Wed, 10 Apr 2019 11:46:48 GMT",6,4,NA,NA,5,3,1,1
Exp 2,48,female,1,1,0,5,-1,1,3421,39.885,13.369,127.604,"Wed, 10 Apr 2019 11:13:08 GMT",10,4,NA,NA,7,2,1,1
Exp 2,26,female,1,0,0,1,2,1,1324,7.654,7.572,69.913,"Wed, 10 Apr 2019 11:08:28 GMT",5,8,NA,NA,3,5,0,0
Exp 2,28,male,0,0,0,1,2,1,4231,40.134,15.982,99.379,"Wed, 10 Apr 2019 11:09:02 GMT",5,7,NA,NA,5,4,1,0
Exp 2,64,female,0,1,0,6,-1,1,1243,29.458,16.407,117.397,"Wed, 10 Apr 2019 11:07:50 GMT",0,0,NA,NA,1,1,0,1
Exp 2,30,male,1,1,1,3,1,1,4312,32.479,37.872,127.388,"Wed, 10 Apr 2019 11:11:15 GMT",9,6,NA,NA,6,4,1,0
Exp 2,34,male,0,0,0,3,0,1,3124,34.127,45.818,127.411,"Wed, 10 Apr 2019 11:41:07 GMT",7,0,NA,NA,7,1,1,1
Exp 2,38,female,0,1,0,2,2,1,3142,44.052,45.908,184.165,"Wed, 10 Apr 2019 12:13:43 GMT",8,2,NA,NA,6,2,1,1
Exp 2,28,male,0,0,0,5,2,2,2341,118.14,63.933,248.386,"Wed, 10 Apr 2019 11:11:25 GMT",9,3,NA,NA,7,3,1,1
Exp 2,66,female,1,1,0,5,2,1,4312,35.43,12.284,109.855,"Wed, 10 Apr 2019 11:12:32 GMT",9,5,NA,NA,7,3,1,1
Exp 2,33,male,0,0,0,3,1,1,2143,11.348,9.903,51.413,"Wed, 10 Apr 2019 11:26:05 GMT",9,1,NA,NA,6,1,1,1
Exp 2,25,male,0,0,0,3,3,3,3142,4.423,4.085,45.609,"Wed, 10 Apr 2019 11:37:38 GMT",8,8,NA,NA,5,4,1,0
Exp 2,25,male,1,1,1,3,2,1,2413,29.399,42.261,161.453,"Wed, 10 Apr 2019 12:08:35 GMT",3,9,NA,NA,6,3,1,1
Exp 2,45,male,0,1,1,2,0,3,2431,7.677,17.367,49.222,"Wed, 10 Apr 2019 11:09:51 GMT",0,10,NA,NA,7,1,1,1
Exp 2,45,male,0,1,1,1,0,1,4123,35.183,25.313,111.755,"Wed, 10 Apr 2019 12:15:23 GMT",8,3,NA,NA,7,2,1,1
Exp 2,31,female,0,1,1,4,1,1,1324,23.998,8.347,92.644,"Wed, 10 Apr 2019 11:12:21 GMT",2,8,NA,NA,7,1,1,1
Exp 2,54,female,0,1,0,6,2,1,4213,12.343,8.537,166.389,"Wed, 10 Apr 2019 11:18:00 GMT",1,8,NA,NA,6,1,1,1
Exp 2,35,female,0,1,1,3,2,1,3412,7.452,20.166,185.532,"Wed, 10 Apr 2019 11:12:48 GMT",10,8,NA,NA,7,6,1,0
Exp 2,34,female,1,1,0,4,0,1,4132,16.946,15.442,92.68,"Wed, 10 Apr 2019 11:17:26 GMT",2,8,NA,NA,6,2,1,1
Exp 2,52,male,0,0,0,1,3,1,2431,44.117,33.353,245.443,"Wed, 10 Apr 2019 11:58:27 GMT",0,7,NA,NA,6,1,1,1
Exp 2,29,male,1,0,0,2,-3,1,3142,60.469,21.218,211.587,"Wed, 10 Apr 2019 21:41:35 GMT",9,2,NA,NA,7,1,1,1
Exp 2,60,female,1,0,0,2,0,1,1342,25.517,25.042,111.949,"Wed, 10 Apr 2019 11:51:17 GMT",4,0,NA,NA,7,1,1,1
Exp 2,36,male,0,1,0,4,-1,1,1423,22.248,32.251,104.289,"Wed, 10 Apr 2019 12:14:13 GMT",6,4,NA,NA,4,3,0,1
Exp 2,32,male,1,0,0,3,2,4,3241,70.647,51.86,335.571,"Wed, 10 Apr 2019 11:52:42 GMT",7,6,NA,NA,6,5,1,0
Exp 2,36,female,0,1,1,1,1,1,1324,16.123,8.256,64.902,"Wed, 10 Apr 2019 11:29:02 GMT",2,7,NA,NA,5,1,1,1
Exp 2,55,female,0,1,0,2,-1,1,2413,37.922,16.083,146.183,"Wed, 10 Apr 2019 11:13:29 GMT",3,7,NA,NA,6,2,1,1
Exp 2,52,male,0,1,0,4,1,1,3412,29.183,18.503,188.8,"Wed, 10 Apr 2019 11:37:49 GMT",5,5,NA,NA,3,6,0,0
Exp 2,41,male,1,1,0,2,2,1,1432,23.583,25.498,178.817,"Wed, 10 Apr 2019 11:09:43 GMT",1,6,NA,NA,7,2,1,1
Exp 2,31,male,1,1,1,6,3,1,2431,5.376,4.005,34.838,"Wed, 10 Apr 2019 11:11:51 GMT",10,0,NA,NA,7,7,1,0
Exp 2,29,male,0,1,1,3,0,1,4231,43.375,8.319,104.873,"Wed, 10 Apr 2019 11:44:19 GMT",0,8,NA,NA,7,1,1,1
Exp 2,33,male,1,0,0,5,0,1,4213,37.282,19.464,117.355,"Wed, 10 Apr 2019 12:13:55 GMT",4,4,NA,NA,5,2,1,1
Exp 2,29,male,0,1,0,4,2,1,4132,53.167,18.645,180.192,"Wed, 10 Apr 2019 11:10:52 GMT",5,6,NA,NA,5,3,1,1
Exp 2,29,male,0,1,1,4,1,1,4312,26.944,9.947,78.438,"Wed, 10 Apr 2019 12:13:24 GMT",3,6,NA,NA,6,3,1,1
Exp 2,22,male,0,1,0,6,2,1,3214,27.234,25.815,99.455,"Wed, 10 Apr 2019 11:55:52 GMT",4,4,NA,NA,3,3,0,1
Exp 2,48,female,0,1,1,3,-1,1,2314,44.775,14.432,109.114,"Wed, 10 Apr 2019 11:13:47 GMT",1,6,NA,NA,5,1,1,1
Exp 2,63,male,1,1,0,1,-1,1,1432,22.416,8.634,77.556,"Wed, 10 Apr 2019 12:13:09 GMT",2,4,NA,NA,7,2,1,1
Exp 2,40,female,0,1,0,5,0,1,4123,3.458,2.951,42.592,"Wed, 10 Apr 2019 11:08:05 GMT",8,7,NA,NA,5,4,1,0
Exp 2,68,female,0,0,0,3,-1,1,2134,49.44,32.145,228.76,"Wed, 10 Apr 2019 11:09:39 GMT",5,5,NA,NA,2,6,0,0
Exp 2,56,female,1,1,1,4,-1,1,4231,10.967,5.957,52.1,"Wed, 10 Apr 2019 11:35:33 GMT",9,1,NA,NA,6,2,1,1
Exp 2,37,male,0,0,0,3,1,1,4213,33.059,16.861,104.426,"Wed, 10 Apr 2019 11:08:04 GMT",0,8,NA,NA,6,1,1,1
Exp 2,46,male,0,1,1,5,1,1,2314,25.227,14.871,172.538,"Wed, 10 Apr 2019 11:18:07 GMT",5,5,NA,NA,3,5,0,0
Exp 2,30,male,1,1,0,2,1,1,1342,24.286,12.049,86.136,"Wed, 10 Apr 2019 11:12:02 GMT",7,4,NA,NA,5,3,1,1
Exp 2,28,female,0,0,0,3,3,1,2134,26.718,65.274,259.052,"Wed, 10 Apr 2019 12:07:37 GMT",7,4,NA,NA,5,3,1,1
Exp 2,33,female,0,0,0,2,2,1,2314,32.777,20.645,115.452,"Wed, 10 Apr 2019 11:10:40 GMT",4,7,NA,NA,6,3,1,1
Exp 2,26,male,1,1,1,6,3,1,4213,320.822,77.461,465.486,"Wed, 10 Apr 2019 11:49:04 GMT",0,10,NA,NA,7,1,1,1
Exp 2,24,male,1,1,0,3,0,1,3214,28.762,118.944,210.489,"Wed, 10 Apr 2019 11:18:45 GMT",6,0,NA,NA,7,3,1,1
Exp 2,73,male,1,1,0,1,2,1,3214,25.132,19.865,135.58,"Wed, 10 Apr 2019 11:54:53 GMT",6,5,NA,NA,4,4,0,0
Exp 2,40,female,0,1,0,5,0,1,1243,43.612,13.975,109.752,"Wed, 10 Apr 2019 11:10:25 GMT",9,1,NA,NA,6,2,1,1
Exp 2,64,female,0,1,0,1,-1,1,3214,21.495,13.552,112.469,"Wed, 10 Apr 2019 12:06:07 GMT",7,0,NA,NA,5,1,1,1
Exp 2,38,female,1,1,1,4,1,1,4321,17.222,27.624,96.888,"Wed, 10 Apr 2019 11:45:34 GMT",10,0,NA,NA,7,1,1,1
Exp 2,25,female,1,1,1,3,1,1,4231,3.349,6.206,35.742,"Wed, 10 Apr 2019 11:12:50 GMT",7,7,NA,NA,4,4,0,0
Exp 2,30,male,1,0,0,1,3,1,3421,5.881,6.776,34.145,"Wed, 10 Apr 2019 12:13:27 GMT",0,10,NA,NA,7,1,1,1
Exp 2,25,male,1,0,0,6,0,1,2143,1162.51,89.336,1352.39,"Wed, 10 Apr 2019 11:30:35 GMT",0,6,NA,NA,5,1,1,1
Exp 2,31,male,1,1,0,6,2,1,2134,40.562,144.087,306.896,"Wed, 10 Apr 2019 12:07:50 GMT",3,6,NA,NA,7,2,1,1
Exp 2,26,male,1,1,1,5,2,1,1432,36.263,35.132,142.765,"Wed, 10 Apr 2019 11:18:17 GMT",0,8,NA,NA,6,1,1,1
Exp 2,40,male,0,1,0,2,-2,1,2134,32.13,40.07,122.664,"Wed, 10 Apr 2019 11:53:42 GMT",3,6,NA,NA,5,2,1,1
Exp 2,25,male,1,0,0,4,3,1,2341,18.718,15.903,74.516,"Wed, 10 Apr 2019 11:08:03 GMT",7,0,NA,NA,7,6,1,0
Exp 2,35,female,1,1,0,2,2,4,2341,6.528,26.387,180.789,"Wed, 10 Apr 2019 11:15:17 GMT",10,9,NA,NA,7,6,1,0
Exp 2,37,female,1,1,0,5,1,1,1423,17.066,14.886,86.496,"Wed, 10 Apr 2019 12:11:21 GMT",5,5,NA,NA,4,6,0,0
Exp 2,29,female,0,1,0,2,2,1,1234,27.699,9.195,99.703,"Wed, 10 Apr 2019 11:10:45 GMT",1,9,NA,NA,6,2,1,1
Exp 2,37,female,0,0,0,3,0,1,4321,2.357,12.82,39.374,"Wed, 10 Apr 2019 12:04:25 GMT",0,6,NA,NA,4,1,0,1
Exp 2,28,male,0,1,0,4,-1,1,2413,50.881,26.106,166.988,"Wed, 10 Apr 2019 12:17:44 GMT",0,10,NA,NA,7,1,1,1
Exp 2,38,male,1,1,0,4,-1,1,4231,29.289,31.413,136.265,"Mon, 08 Apr 2019 11:11:39 GMT",6,4,NA,NA,7,3,1,1
Exp 2,29,female,0,0,0,3,1,1,1432,13.904,14.754,105.9,"Wed, 10 Apr 2019 11:07:55 GMT",2,8,NA,NA,6,3,1,1
Exp 2,43,female,1,0,0,3,2,1,2134,32.568,13.336,113.904,"Wed, 10 Apr 2019 11:10:05 GMT",5,5,NA,NA,5,4,1,0
Exp 2,42,male,1,0,0,4,0,1,1423,23.279,20.857,89.847,"Wed, 10 Apr 2019 11:42:04 GMT",0,2,NA,NA,4,1,0,1
Exp 2,23,male,1,0,0,3,-1,1,2341,5.064,3.61,99.785,"Wed, 10 Apr 2019 11:13:17 GMT",5,5,NA,NA,5,5,1,0
Exp 2,36,female,1,1,1,2,2,1,3124,17.896,14.94,73.359,"Wed, 10 Apr 2019 12:11:29 GMT",5,7,NA,NA,5,3,1,1
Exp 2,47,female,1,1,1,4,0,1,3421,39.976,62.477,229.354,"Wed, 10 Apr 2019 11:56:59 GMT",5,5,NA,NA,4,4,0,0
Exp 2,21,female,1,1,0,2,0,1,2143,28.277,17.17,310.164,"Wed, 10 Apr 2019 12:16:35 GMT",6,7,NA,NA,5,4,1,0
Exp 2,56,female,1,0,0,2,1,1,2413,61.109,19.309,208.974,"Wed, 10 Apr 2019 11:36:32 GMT",3,7,NA,NA,6,2,1,1
Exp 2,25,male,1,1,1,2,1,1,2143,29.222,9.618,80.953,"Wed, 10 Apr 2019 12:08:55 GMT",5,5,NA,NA,4,5,0,0
Exp 2,56,male,1,1,0,1,0,1,3124,43.856,18.083,150.851,"Wed, 10 Apr 2019 11:25:36 GMT",9,1,NA,NA,6,1,1,1
Exp 2,29,female,0,0,0,6,0,1,4312,30.263,11.5,107.014,"Wed, 10 Apr 2019 12:01:55 GMT",0,1,NA,NA,4,1,0,1
Exp 2,45,male,0,1,1,2,3,1,2431,29.971,17.98,106.951,"Wed, 10 Apr 2019 12:36:20 GMT",5,5,NA,NA,4,4,0,0
Exp 2,70,female,1,1,0,4,-1,1,2341,26.058,17.5,154.294,"Wed, 10 Apr 2019 11:39:05 GMT",5,8,NA,NA,5,2,1,1
Exp 2,33,male,1,0,0,1,3,1,2431,28.844,18.72,82.857,"Wed, 10 Apr 2019 11:55:50 GMT",10,0,NA,NA,7,1,1,1
Exp 2,60,male,0,1,0,1,2,1,1342,31.103,34.234,124.947,"Wed, 10 Apr 2019 12:19:05 GMT",7,0,NA,NA,6,1,1,1
Exp 2,26,female,0,0,0,3,2,1,4132,10.778,18.049,69.405,"Wed, 10 Apr 2019 11:53:10 GMT",1,9,NA,NA,6,2,1,1
Exp 2,55,male,1,0,0,1,3,1,3412,27.889,18.414,148.863,"Wed, 10 Apr 2019 11:10:08 GMT",5,5,NA,NA,4,5,0,0
Exp 2,50,male,1,1,1,2,2,1,2143,13.8,15.854,62.052,"Wed, 10 Apr 2019 11:07:38 GMT",1,2,NA,NA,6,2,1,1
Exp 2,40,male,0,0,0,1,3,4,3241,2.614,3.082,34.938,"Wed, 10 Apr 2019 11:07:35 GMT",10,0,NA,NA,6,7,1,0
Exp 2,65,male,1,1,0,1,-1,1,4321,35.218,18.171,111.649,"Wed, 10 Apr 2019 12:17:03 GMT",0,7,NA,NA,6,1,1,1
Exp 2,27,female,0,1,0,4,0,1,4123,22.126,9.677,139.453,"Wed, 10 Apr 2019 12:01:47 GMT",5,7,NA,NA,6,3,1,1
Exp 2,53,female,1,0,0,4,-1,1,4321,22.076,18.639,108.681,"Wed, 10 Apr 2019 11:09:51 GMT",4,6,NA,NA,5,3,1,1
Exp 2,37,female,0,1,1,6,2,1,3214,17.737,14.297,100.668,"Wed, 10 Apr 2019 12:01:08 GMT",10,0,NA,NA,7,1,1,1
Exp 2,45,female,1,0,0,4,1,1,1243,34.088,24.129,122.17,"Wed, 10 Apr 2019 11:49:17 GMT",3,3,NA,NA,7,4,1,0
Exp 2,72,female,0,1,0,5,3,1,3124,28.532,21.345,131.067,"Wed, 10 Apr 2019 12:13:14 GMT",6,3,NA,NA,5,2,1,1
Exp 2,45,male,1,1,0,4,1,1,1234,47.166,12.44,130.75,"Wed, 10 Apr 2019 12:14:53 GMT",2,4,NA,NA,7,2,1,1
Exp 2,32,female,0,0,0,4,0,1,4132,66.839,50.84,220.036,"Wed, 10 Apr 2019 12:10:12 GMT",0,10,NA,NA,7,1,1,1
Exp 2,40,male,0,0,0,2,-1,1,3124,19.884,11.064,78.014,"Wed, 10 Apr 2019 11:43:01 GMT",4,6,NA,NA,3,3,0,1
Exp 2,31,male,0,1,1,6,2,1,2314,162.815,76.747,317.23,"Wed, 10 Apr 2019 13:13:57 GMT",2,7,NA,NA,5,1,1,1
Exp 2,33,female,1,1,1,6,2,1,1423,37.325,26.018,143.738,"Wed, 10 Apr 2019 11:49:09 GMT",2,5,NA,NA,4,2,0,1
Exp 2,35,female,0,0,0,4,2,1,3142,23.254,24.96,126.301,"Wed, 10 Apr 2019 11:32:50 GMT",2,8,NA,NA,7,3,1,1
Exp 2,27,female,1,0,0,4,-1,1,1423,24.72,22.233,130.531,"Wed, 10 Apr 2019 11:15:31 GMT",2,6,NA,NA,5,2,1,1
Exp 2,52,female,1,0,0,1,3,1,2134,50.414,18.779,144.184,"Wed, 10 Apr 2019 11:11:34 GMT",10,0,NA,NA,7,1,1,1
Exp 2,51,female,0,0,0,1,0,1,3142,11.455,14.275,62.83,"Wed, 10 Apr 2019 11:47:23 GMT",10,1,NA,NA,7,1,1,1
Exp 2,61,male,1,1,0,4,-2,1,3214,69.848,51.626,251.769,"Wed, 10 Apr 2019 11:34:49 GMT",1,9,NA,NA,7,1,1,1
Exp 2,44,male,1,0,0,6,2,1,4123,31.599,102.445,185.495,"Wed, 10 Apr 2019 11:21:56 GMT",0,8,NA,NA,7,1,1,1
Exp 2,36,female,1,1,0,2,0,1,3142,77.391,95.04,228.404,"Wed, 10 Apr 2019 12:00:36 GMT",7,3,NA,NA,5,2,1,1
Exp 2,60,male,0,0,0,2,0,1,4132,31.476,14.663,127.154,"Wed, 10 Apr 2019 11:20:08 GMT",4,0,NA,NA,3,4,0,0
Exp 2,43,male,0,1,0,4,1,1,3124,25.649,27.777,96.952,"Wed, 10 Apr 2019 11:37:56 GMT",0,8,NA,NA,6,1,1,1
Exp 2,27,female,0,0,0,3,3,1,4321,66.961,20.842,155.155,"Wed, 10 Apr 2019 11:28:59 GMT",0,5,NA,NA,4,1,0,1
Exp 2,32,female,0,0,0,2,2,1,3124,24.932,18.542,142.225,"Wed, 10 Apr 2019 12:13:24 GMT",5,5,NA,NA,5,2,1,1
Exp 2,29,male,0,0,0,1,2,1,1342,10.476,25.994,93.843,"Wed, 10 Apr 2019 11:10:47 GMT",9,6,NA,NA,6,4,1,0
Exp 2,46,male,0,1,1,3,2,1,2134,16.961,10.526,99.325,"Wed, 10 Apr 2019 11:33:45 GMT",3,6,NA,NA,6,4,1,0
Exp 2,37,male,0,1,1,4,-1,1,4321,24.887,11.52,108.297,"Wed, 10 Apr 2019 11:50:03 GMT",0,8,NA,NA,5,1,1,1
Exp 2,69,female,0,0,0,6,3,1,1432,43.145,32.794,152.711,"Wed, 10 Apr 2019 11:10:14 GMT",0,8,NA,NA,6,1,1,1
Exp 2,34,female,1,0,0,5,0,1,2143,34.418,34.612,157.459,"Wed, 10 Apr 2019 11:11:45 GMT",1,8,NA,NA,6,1,1,1
Exp 2,53,female,1,1,1,5,-2,1,2143,37.849,16.052,159.849,"Wed, 10 Apr 2019 12:18:29 GMT",1,3,NA,NA,5,3,1,1
Exp 2,30,female,1,1,0,6,3,1,3142,29.908,17.741,109.447,"Wed, 10 Apr 2019 11:10:02 GMT",8,2,NA,NA,5,2,1,1
Exp 2,53,male,0,0,0,3,-1,1,2431,41.875,28.055,129.888,"Wed, 10 Apr 2019 11:21:28 GMT",4,7,NA,NA,5,2,1,1
Exp 2,36,female,1,1,1,4,-1,1,4312,23.243,28.301,94.531,"Wed, 10 Apr 2019 12:03:46 GMT",7,4,NA,NA,5,4,1,0
Exp 2,49,female,1,0,0,2,0,1,4321,30.686,17.64,165.767,"Wed, 10 Apr 2019 11:13:55 GMT",7,2,NA,NA,6,2,1,1
Exp 2,48,female,0,0,0,1,1,1,3421,32.988,24.045,225.577,"Wed, 10 Apr 2019 11:20:05 GMT",9,2,NA,NA,6,1,1,1
Exp 2,49,female,0,1,0,4,-3,1,1234,173.875,27.106,401.794,"Wed, 10 Apr 2019 11:28:49 GMT",0,9,NA,NA,6,1,1,1
Exp 2,25,male,1,0,0,2,0,4,1423,24.691,8.515,106.369,"Wed, 10 Apr 2019 11:43:29 GMT",9,7,NA,NA,7,5,1,0
Exp 2,48,female,1,1,0,4,0,1,1342,31.252,12.891,88.851,"Wed, 10 Apr 2019 11:52:12 GMT",8,1,NA,NA,6,1,1,1
Exp 2,29,female,1,0,0,6,0,1,1342,13.729,18.214,75.051,"Wed, 10 Apr 2019 12:20:35 GMT",1,9,NA,NA,7,1,1,1
Exp 2,34,male,1,1,0,1,3,1,1423,29.624,35.106,132.624,"Wed, 10 Apr 2019 11:42:41 GMT",8,2,NA,NA,6,2,1,1
Exp 2,31,male,0,1,1,4,1,1,3412,32.021,35.012,139.809,"Wed, 10 Apr 2019 12:08:44 GMT",0,6,NA,NA,5,1,1,1
Exp 2,23,female,1,1,1,1,1,1,2134,25.002,14.141,69.928,"Wed, 10 Apr 2019 11:39:16 GMT",6,8,NA,NA,7,2,1,1
Exp 2,70,female,0,1,1,1,2,1,4231,11.407,4.007,45.806,"Wed, 10 Apr 2019 12:23:38 GMT",4,0,NA,NA,4,4,0,0
Exp 2,30,male,0,1,0,3,1,1,3241,22.435,10.792,73.292,"Wed, 10 Apr 2019 11:10:53 GMT",9,2,NA,NA,4,1,0,1
Exp 2,55,male,0,0,0,1,3,1,2431,50.781,51.201,206.657,"Wed, 10 Apr 2019 11:49:52 GMT",8,4,NA,NA,5,3,1,1
Exp 2,55,male,0,1,1,1,3,1,4321,18.74,12.199,61.853,"Wed, 10 Apr 2019 11:22:38 GMT",10,0,NA,NA,7,1,1,1
Exp 2,67,female,1,1,1,4,-2,1,3412,23.207,10.522,101.555,"Wed, 10 Apr 2019 11:43:32 GMT",4,7,NA,NA,5,2,1,1
Exp 2,29,male,0,1,1,4,0,1,4231,476.008,27.744,841.661,"Wed, 10 Apr 2019 11:31:02 GMT",6,0,NA,NA,6,2,1,1
Exp 2,37,male,0,0,0,2,3,1,1234,15.668,10.832,79.336,"Wed, 10 Apr 2019 11:45:39 GMT",2,7,NA,NA,5,2,1,1
Exp 2,66,female,0,0,0,4,0,1,4321,25.796,30.883,215.859,"Wed, 10 Apr 2019 11:17:05 GMT",7,4,NA,NA,5,2,1,1
Exp 2,51,male,0,1,1,1,0,1,2413,42.059,68.149,195.459,"Wed, 10 Apr 2019 11:45:45 GMT",4,4,NA,NA,6,3,1,1
Exp 2,51,male,0,1,0,6,3,1,2431,18.802,11.667,71.56,"Wed, 10 Apr 2019 12:08:13 GMT",7,7,NA,NA,5,5,1,0
Exp 2,36,male,0,0,0,4,0,1,1342,21.359,16.129,85.193,"Wed, 10 Apr 2019 11:52:29 GMT",1,0,NA,NA,4,2,0,1
Exp 2,39,male,0,0,0,2,-1,1,2134,139.597,48.454,327.813,"Wed, 10 Apr 2019 11:50:03 GMT",1,6,NA,NA,5,2,1,1
Exp 2,67,male,0,0,0,2,-1,1,2134,41.97,19.972,141.083,"Wed, 10 Apr 2019 11:23:47 GMT",7,3,NA,NA,5,3,1,1
Exp 2,31,male,0,1,1,1,0,1,3421,21.357,9.479,143.008,"Wed, 10 Apr 2019 12:13:28 GMT",2,0,NA,NA,1,4,0,0
Exp 2,56,male,1,1,1,1,-1,1,4321,22.678,22.506,319.671,"Wed, 10 Apr 2019 12:13:15 GMT",2,8,NA,NA,7,1,1,1
Exp 2,41,male,1,0,0,5,-2,1,1324,17.439,23.104,95.113,"Wed, 10 Apr 2019 11:16:10 GMT",1,7,NA,NA,5,1,1,1
Exp 2,21,male,0,0,0,6,0,1,1234,9.567,6.467,47.875,"Wed, 10 Apr 2019 12:18:48 GMT",0,8,NA,NA,5,1,1,1
Exp 2,30,male,0,1,1,4,1,1,3421,36.016,20.424,146.599,"Wed, 10 Apr 2019 11:09:58 GMT",0,7,NA,NA,5,1,1,1
Exp 2,35,male,0,0,0,2,0,1,2143,23.894,10.883,110.037,"Wed, 10 Apr 2019 11:58:31 GMT",2,4,NA,NA,3,3,0,1
Exp 2,49,male,1,0,0,4,0,1,3241,59.777,19.96,252.022,"Wed, 10 Apr 2019 12:03:17 GMT",0,0,NA,NA,5,1,1,1
Exp 2,46,female,1,1,1,1,3,1,3124,30.493,27.469,99.469,"Wed, 10 Apr 2019 11:21:08 GMT",2,8,NA,NA,7,2,1,1
Exp 2,27,male,0,0,0,4,3,1,2431,11.866,120.213,174.717,"Wed, 10 Apr 2019 11:13:17 GMT",2,7,NA,NA,5,3,1,1
Exp 2,46,male,0,1,1,1,3,1,4231,15.779,13.632,71.141,"Wed, 10 Apr 2019 11:10:33 GMT",0,6,NA,NA,5,1,1,1
Exp 2,31,male,0,0,0,3,2,1,1243,44.028,25.342,222.917,"Wed, 10 Apr 2019 11:26:01 GMT",9,0,NA,NA,7,2,1,1
Exp 2,39,male,0,0,0,5,1,1,1234,61.706,22.22,157.706,"Tue, 09 Apr 2019 11:17:25 GMT",5,5,NA,NA,1,7,0,0
Exp 2,37,female,0,1,1,4,-1,1,1342,54.438,64.4,253.155,"Wed, 10 Apr 2019 11:58:12 GMT",1,7,NA,NA,5,2,1,1
Exp 2,43,female,1,1,1,1,0,1,1423,24.905,9.983,133.353,"Wed, 10 Apr 2019 11:23:06 GMT",0,5,NA,NA,6,1,1,1
Exp 2,51,male,1,0,0,3,-1,1,2431,42.361,23.24,153.606,"Wed, 10 Apr 2019 11:09:18 GMT",3,7,NA,NA,5,1,1,1
Exp 2,31,female,1,0,0,5,1,1,3124,14.908,26.132,483.844,"Wed, 10 Apr 2019 12:07:19 GMT",3,8,NA,NA,6,2,1,1
Exp 2,63,female,1,1,1,6,3,1,3124,24.605,18.759,95.39,"Wed, 10 Apr 2019 11:11:22 GMT",1,8,NA,NA,5,1,1,1
Exp 2,31,male,1,0,0,5,1,1,2413,20.115,15.189,74.838,"Wed, 10 Apr 2019 11:07:23 GMT",6,4,NA,NA,3,4,0,0
Exp 2,24,male,1,1,1,3,-2,1,1423,33.898,16.578,170.217,"Wed, 10 Apr 2019 11:54:46 GMT",4,6,NA,NA,4,4,0,0
Exp 2,36,male,1,0,0,2,0,1,1432,16.122,11.9,69.855,"Wed, 10 Apr 2019 11:44:01 GMT",3,7,NA,NA,5,2,1,1
Exp 2,36,male,1,1,1,1,2,1,4321,26.823,15.185,106.313,"Wed, 10 Apr 2019 12:20:01 GMT",7,0,NA,NA,5,1,1,1
Exp 2,59,male,1,1,0,1,1,1,3412,34.15,22.666,115.881,"Wed, 10 Apr 2019 11:31:11 GMT",0,8,NA,NA,7,2,1,1
Exp 2,54,female,0,1,0,1,2,1,1234,42.705,82.975,241.505,"Wed, 10 Apr 2019 11:09:49 GMT",0,8,NA,NA,6,3,1,1
Exp 2,66,female,0,1,1,3,0,1,1234,28.54,18.784,91.272,"Wed, 10 Apr 2019 11:58:13 GMT",6,0,NA,NA,5,1,1,1
Exp 2,54,female,0,1,1,1,3,1,2431,21.68,11.739,90.84,"Wed, 10 Apr 2019 11:11:29 GMT",4,6,NA,NA,3,1,0,1
Exp 2,38,male,0,1,0,4,-1,1,1432,33.491,21.141,336.067,"Wed, 10 Apr 2019 11:17:46 GMT",2,2,NA,NA,4,1,0,1
Exp 2,32,female,0,0,0,2,-2,1,3412,26.117,18.569,113.15,"Wed, 10 Apr 2019 11:50:23 GMT",4,9,NA,NA,6,1,1,1
Exp 2,37,female,0,0,0,1,2,1,3124,13.576,10.691,92.933,"Wed, 10 Apr 2019 12:18:25 GMT",1,5,NA,NA,4,1,0,1
Exp 2,32,male,1,1,0,6,0,3,2143,7.739,25.144,83.952,"Wed, 10 Apr 2019 11:17:28 GMT",0,0,NA,NA,1,1,0,1
Exp 2,52,female,0,0,0,5,2,1,4132,86.997,11.415,216.9,"Wed, 10 Apr 2019 12:07:40 GMT",6,2,NA,NA,5,1,1,1
Exp 2,33,female,0,0,0,2,2,1,3412,18.547,40.946,1090.29,"Wed, 10 Apr 2019 12:14:21 GMT",8,1,NA,NA,6,2,1,1
Exp 2,37,female,1,0,0,5,3,1,3142,29.174,20.94,107.455,"Wed, 10 Apr 2019 11:49:59 GMT",1,4,NA,NA,7,4,1,0
Exp 2,54,female,1,0,0,1,0,1,1423,34.873,20.177,123.932,"Wed, 10 Apr 2019 11:13:54 GMT",2,9,NA,NA,6,1,1,1
Exp 2,40,male,0,1,1,4,0,1,2143,19.598,27.385,96.974,"Wed, 10 Apr 2019 11:49:35 GMT",5,0,NA,NA,6,1,1,1
Exp 2,31,female,0,1,0,1,2,1,2431,17.577,30.044,118.317,"Wed, 10 Apr 2019 12:12:15 GMT",0,10,NA,NA,7,1,1,1
Exp 2,69,male,0,1,0,1,3,1,2413,37.271,50.572,218.417,"Wed, 10 Apr 2019 11:55:42 GMT",9,1,NA,NA,6,2,1,1
Exp 2,27,female,0,0,0,6,0,1,2341,28.627,17.498,113.188,"Wed, 10 Apr 2019 11:42:17 GMT",0,0,NA,NA,7,1,1,1
Exp 2,41,female,0,1,0,1,3,1,4123,23.86,11.333,135.053,"Wed, 10 Apr 2019 12:01:10 GMT",10,2,NA,NA,7,2,1,1
Exp 2,41,female,0,1,0,4,1,1,1423,26.192,13.376,120.022,"Wed, 10 Apr 2019 11:43:07 GMT",3,6,NA,NA,5,4,1,0
Exp 2,28,female,0,1,1,3,2,1,2134,10.543,20.478,82.93,"Wed, 10 Apr 2019 11:52:45 GMT",0,10,NA,NA,6,2,1,1
Exp 2,29,male,1,0,0,2,2,1,3142,5.24,2.68,38.463,"Wed, 10 Apr 2019 11:17:11 GMT",10,0,NA,NA,5,6,1,0
Exp 2,27,male,1,0,0,1,3,1,4132,35.177,13.333,132.622,"Wed, 10 Apr 2019 11:36:46 GMT",2,7,NA,NA,5,2,1,1
Exp 2,52,male,0,0,0,4,0,1,4312,25.325,14.78,108.964,"Wed, 10 Apr 2019 11:09:45 GMT",8,0,NA,NA,6,1,1,1
Exp 2,28,female,1,0,0,1,2,1,2143,177.861,33.577,308.83,"Wed, 10 Apr 2019 11:20:42 GMT",5,2,NA,NA,4,2,0,1
Exp 2,29,male,1,0,0,6,2,1,3214,18.081,15.593,83.284,"Wed, 10 Apr 2019 11:08:47 GMT",3,0,NA,NA,7,2,1,1
Exp 2,31,male,0,0,0,2,-1,1,1234,22.071,14.514,97.234,"Wed, 10 Apr 2019 11:55:25 GMT",8,1,NA,NA,6,1,1,1
Exp 2,70,male,0,1,0,6,0,1,2143,26.749,18.728,102.471,"Wed, 10 Apr 2019 12:02:19 GMT",9,1,NA,NA,7,1,1,1
Exp 2,29,male,0,1,0,2,1,4,2413,7.218,6.674,149.713,"Wed, 10 Apr 2019 11:18:31 GMT",9,6,NA,NA,6,4,1,0
Exp 2,35,female,1,1,0,2,-1,1,1342,20.417,13.75,102.759,"Wed, 10 Apr 2019 11:08:09 GMT",9,2,NA,NA,7,1,1,1
Exp 2,29,male,1,0,0,2,2,1,2341,6.862,30.995,57.34,"Wed, 10 Apr 2019 11:02:40 GMT",0,7,NA,NA,6,1,1,1
Exp 2,35,female,1,0,0,6,2,1,4312,12.768,21.277,73.478,"Wed, 10 Apr 2019 11:43:42 GMT",2,8,NA,NA,5,3,1,1
Exp 2,36,male,1,1,0,1,2,1,4132,70.702,34.889,181.367,"Wed, 10 Apr 2019 11:57:47 GMT",5,5,NA,NA,1,1,0,1
Exp 2,36,male,0,1,0,2,2,1,2134,5.442,10.891,43.18,"Wed, 10 Apr 2019 11:49:52 GMT",0,10,NA,NA,7,4,1,0
Exp 2,49,male,1,0,0,2,1,1,2413,41.215,41.199,160.271,"Wed, 10 Apr 2019 11:22:56 GMT",7,2,NA,NA,6,2,1,1
Exp 2,39,male,0,1,1,2,2,1,4213,15.17,16.669,113.028,"Wed, 10 Apr 2019 12:06:19 GMT",3,5,NA,NA,4,3,0,1
Exp 2,38,female,1,0,0,6,2,1,1423,12.336,20.655,76.754,"Wed, 10 Apr 2019 11:09:59 GMT",6,3,NA,NA,5,3,1,1
Exp 2,40,male,1,1,1,3,-1,1,1243,37.615,15.611,105.702,"Wed, 10 Apr 2019 11:07:43 GMT",0,2,NA,NA,4,4,0,0
Exp 2,49,female,0,1,0,3,-2,1,3421,28.103,14.552,99.219,"Wed, 10 Apr 2019 11:41:43 GMT",0,7,NA,NA,7,1,1,1
Exp 2,57,female,1,1,1,6,1,1,3124,66.788,17.94,158.179,"Mon, 08 Apr 2019 11:16:20 GMT",3,5,NA,NA,4,2,0,1
Exp 2,47,female,0,1,1,4,-1,1,1243,26.918,17.56,103.013,"Wed, 10 Apr 2019 11:43:10 GMT",5,6,NA,NA,5,4,1,0
Exp 2,19,female,0,0,0,4,1,1,2431,25.11,59.289,130.253,"Wed, 10 Apr 2019 11:12:57 GMT",5,5,NA,NA,5,5,1,0
Exp 2,47,male,0,1,1,6,0,1,1342,22.981,17.888,94.947,"Wed, 10 Apr 2019 11:13:09 GMT",0,0,NA,NA,1,1,0,1
Exp 2,57,male,0,1,1,1,3,3,2413,36.434,30.114,185.019,"Wed, 10 Apr 2019 11:11:49 GMT",1,1,NA,NA,5,4,1,0
Exp 2,29,male,0,1,1,6,3,1,1342,24.575,16.837,91.351,"Wed, 10 Apr 2019 11:20:35 GMT",3,6,NA,NA,5,3,1,1
Exp 2,32,female,0,1,1,3,0,1,4123,15.729,18.516,57.468,"Wed, 10 Apr 2019 11:50:30 GMT",5,5,NA,NA,4,4,0,0
Exp 2,34,male,0,0,0,2,0,1,1324,12.904,15.745,382.458,"Wed, 10 Apr 2019 12:15:07 GMT",1,6,NA,NA,5,1,1,1
Exp 2,43,female,1,0,0,4,-1,1,3142,56.596,15.339,224.736,"Wed, 10 Apr 2019 11:44:36 GMT",5,5,NA,NA,5,4,1,0
Exp 2,30,male,1,0,0,6,0,1,3214,28.672,33.485,148.941,"Wed, 10 Apr 2019 11:24:32 GMT",3,9,NA,NA,7,1,1,1
Exp 2,40,female,1,0,0,4,-1,1,3124,18.636,14.873,99.891,"Mon, 08 Apr 2019 11:36:02 GMT",0,7,NA,NA,5,1,1,1
Exp 2,30,male,0,1,1,5,3,4,2431,6.815,16.499,59.345,"Wed, 10 Apr 2019 12:16:51 GMT",8,0,NA,NA,7,6,1,0
Exp 2,48,female,0,0,0,2,1,1,1234,27.989,18.324,135.434,"Wed, 10 Apr 2019 11:12:26 GMT",4,4,NA,NA,5,3,1,1
Exp 2,34,male,0,1,0,5,0,1,2431,13.002,17.998,71.425,"Wed, 10 Apr 2019 11:13:13 GMT",0,1,NA,NA,1,1,0,1
Exp 2,35,male,0,0,0,1,1,4,4213,7.404,5.135,62.755,"Wed, 10 Apr 2019 11:07:25 GMT",10,7,NA,NA,7,5,1,0
Exp 2,58,female,1,0,0,6,2,1,4321,24.703,11.54,121.422,"Wed, 10 Apr 2019 11:26:36 GMT",4,4,NA,NA,7,4,1,0
Exp 2,28,male,0,1,1,3,1,1,2341,38.285,19.888,93.797,"Wed, 10 Apr 2019 12:11:41 GMT",10,8,NA,NA,6,7,1,0
Exp 2,54,male,0,0,0,5,-1,1,4123,29.364,32.171,223.373,"Wed, 10 Apr 2019 12:02:28 GMT",3,3,NA,NA,6,5,1,0
Exp 2,25,male,0,0,0,2,0,1,2431,17.926,15.258,69.611,"Wed, 10 Apr 2019 11:06:55 GMT",2,6,NA,NA,5,2,1,1
Exp 2,33,male,1,1,0,4,2,1,3214,41.923,24.313,123.408,"Wed, 10 Apr 2019 11:48:40 GMT",5,8,NA,NA,7,3,1,1
Exp 2,35,male,1,0,0,3,1,1,1432,10.567,5.13,68.435,"Wed, 10 Apr 2019 11:07:35 GMT",10,9,NA,NA,6,7,1,0
Exp 2,47,female,1,1,0,6,2,1,3142,37.188,25.794,171.136,"Wed, 10 Apr 2019 12:17:47 GMT",7,2,NA,NA,5,2,1,1
Exp 2,37,male,0,0,0,2,0,1,1423,19.719,19.741,87.663,"Wed, 10 Apr 2019 11:10:44 GMT",1,9,NA,NA,6,2,1,1
Exp 2,30,female,1,1,1,4,1,1,4132,19.776,21.222,97.593,"Wed, 10 Apr 2019 11:10:14 GMT",8,0,NA,NA,6,5,1,0
Exp 2,34,male,0,0,0,4,-2,1,4213,24.267,127.74,243.691,"Wed, 10 Apr 2019 11:36:08 GMT",1,1,NA,NA,3,1,0,1
Exp 2,44,male,0,1,1,1,3,1,4132,45.142,87.765,196.789,"Wed, 10 Apr 2019 11:09:07 GMT",8,4,NA,NA,6,4,1,0
Exp 2,44,female,1,0,0,1,3,1,1243,24.68,19.015,111.826,"Wed, 10 Apr 2019 11:45:14 GMT",6,5,NA,NA,5,3,1,1
Exp 2,28,male,0,1,1,5,3,4,1243,8.957,10.374,91.626,"Wed, 10 Apr 2019 11:54:46 GMT",7,5,NA,NA,6,4,1,0
Exp 2,36,female,1,0,0,3,-2,1,2143,45.429,13.008,107.955,"Wed, 10 Apr 2019 12:17:31 GMT",0,7,NA,NA,6,1,1,1
Exp 2,28,male,1,1,0,3,0,1,3421,8.353,16.025,88.431,"Wed, 10 Apr 2019 11:07:34 GMT",1,7,NA,NA,5,1,1,1
Exp 2,27,male,0,0,0,5,3,1,2431,88.437,29.154,232.041,"Wed, 10 Apr 2019 11:22:19 GMT",9,8,NA,NA,6,7,1,0
Exp 2,26,male,1,1,1,2,1,1,1432,46.528,43.562,217.038,"Wed, 10 Apr 2019 11:08:27 GMT",5,6,NA,NA,4,3,0,1
Exp 2,29,male,0,1,0,4,0,1,1234,22.416,4.31,95.012,"Wed, 10 Apr 2019 11:18:25 GMT",10,9,NA,NA,7,6,1,0
Exp 2,24,female,1,0,0,5,2,1,1234,30.313,19.536,122.883,"Wed, 10 Apr 2019 11:58:18 GMT",5,5,NA,NA,4,6,0,0
Exp 2,46,female,0,0,0,2,-1,1,1432,19.102,43.182,101.929,"Wed, 10 Apr 2019 12:11:34 GMT",1,9,NA,NA,3,1,0,1
Exp 2,50,female,1,0,0,3,-3,1,2341,31.495,14.808,110.792,"Wed, 10 Apr 2019 11:11:14 GMT",2,0,NA,NA,7,1,1,1
Exp 2,25,male,1,0,0,1,1,1,2134,19.334,6.773,168.102,"Wed, 10 Apr 2019 12:16:31 GMT",0,4,NA,NA,5,3,1,1
Exp 2,28,female,1,0,0,2,2,1,3421,17.077,13.969,59.833,"Wed, 10 Apr 2019 11:09:24 GMT",5,0,NA,NA,4,1,0,1
Exp 2,43,male,1,1,0,4,0,1,2134,17.775,14.308,73.599,"Wed, 10 Apr 2019 11:35:38 GMT",1,7,NA,NA,5,2,1,1
Exp 2,33,male,1,1,0,2,3,1,4321,19.799,22.676,76.58,"Wed, 10 Apr 2019 12:01:01 GMT",0,9,NA,NA,6,1,1,1
Exp 2,40,male,1,1,1,4,2,3,4132,45.297,50.453,147.531,"Wed, 10 Apr 2019 11:12:16 GMT",4,7,NA,NA,5,3,1,1
Exp 2,28,male,0,0,0,5,2,1,3421,3.76,2.286,20.459,"Wed, 10 Apr 2019 12:00:15 GMT",2,8,NA,NA,5,3,1,1
Exp 2,60,male,0,0,0,5,2,3,1342,16.12,49.454,307.365,"Mon, 08 Apr 2019 11:24:50 GMT",1,3,NA,NA,6,3,1,1
Exp 2,24,male,0,0,0,4,1,1,3241,31.28,27.898,125.349,"Wed, 10 Apr 2019 11:09:26 GMT",1,8,NA,NA,5,2,1,1
Exp 2,25,male,1,1,1,3,-1,1,3214,3.88,3.277,42.418,"Wed, 10 Apr 2019 11:08:36 GMT",4,6,NA,NA,1,4,0,0
Exp 2,32,female,0,0,0,5,1,1,4231,15.988,21.096,86.261,"Wed, 10 Apr 2019 11:45:07 GMT",0,10,NA,NA,7,1,1,1
Exp 2,35,female,1,0,0,1,0,1,3214,38.218,23.636,183.274,"Wed, 10 Apr 2019 11:17:47 GMT",0,8,NA,NA,6,1,1,1
Exp 2,36,female,0,1,1,3,3,1,2314,52.218,45.387,202.134,"Wed, 10 Apr 2019 11:46:25 GMT",3,0,NA,NA,7,4,1,0
Exp 2,29,male,0,1,0,4,0,1,1423,42.783,43.811,164.343,"Wed, 10 Apr 2019 11:15:09 GMT",2,9,NA,NA,7,4,1,0
Exp 2,61,female,0,0,0,1,-1,1,3142,75.832,60.356,244.867,"Wed, 10 Apr 2019 11:36:05 GMT",5,5,NA,NA,1,1,0,1
Exp 2,44,male,1,1,0,1,0,1,3241,24.955,25.833,112.144,"Wed, 10 Apr 2019 12:11:15 GMT",10,0,NA,NA,7,1,1,1
Exp 2,49,female,1,1,1,1,1,1,3214,30.57,15.635,144.968,"Wed, 10 Apr 2019 11:16:18 GMT",0,8,NA,NA,6,1,1,1
Exp 2,34,female,1,0,0,3,2,1,2134,19.947,10.967,86.161,"Wed, 10 Apr 2019 11:09:06 GMT",2,0,NA,NA,7,1,1,1
Exp 2,26,male,1,1,1,5,2,1,2134,2.846,2.206,155.507,"Wed, 10 Apr 2019 11:59:37 GMT",1,5,NA,NA,4,3,0,1
Exp 2,28,female,0,1,1,6,2,1,1423,16.804,12.987,109.361,"Wed, 10 Apr 2019 11:35:24 GMT",2,7,NA,NA,6,2,1,1
Exp 2,69,male,1,0,0,5,1,1,4213,31.247,65.89,180.764,"Wed, 10 Apr 2019 11:51:51 GMT",4,6,NA,NA,5,3,1,1
Exp 2,21,male,0,1,1,4,1,1,2341,24.824,18.158,110.811,"Wed, 10 Apr 2019 11:42:09 GMT",3,8,NA,NA,5,2,1,1
Exp 2,32,female,0,0,0,6,3,1,1234,24.612,31.979,137.848,"Wed, 10 Apr 2019 11:22:25 GMT",0,2,NA,NA,1,3,0,1
Exp 2,33,female,1,0,0,6,3,1,2341,15.14,9.281,69.029,"Wed, 10 Apr 2019 11:02:46 GMT",5,9,NA,NA,6,2,1,1
Exp 2,22,female,0,1,1,5,1,1,2143,14.694,13.201,64.554,"Mon, 08 Apr 2019 11:36:28 GMT",0,7,NA,NA,4,1,0,1
Exp 2,36,female,1,1,0,3,1,1,2431,42.098,38.798,153.789,"Wed, 10 Apr 2019 11:40:48 GMT",5,5,NA,NA,4,4,0,0
Exp 2,61,male,0,1,1,6,2,1,3421,29.461,16.643,147.895,"Wed, 10 Apr 2019 11:56:04 GMT",0,2,NA,NA,5,2,1,1
Exp 2,33,female,0,1,1,2,0,1,2431,23.889,13.105,81.791,"Wed, 10 Apr 2019 11:50:05 GMT",3,5,NA,NA,4,4,0,0
Exp 2,32,male,1,0,0,6,-1,1,3124,11.787,11.518,96.019,"Wed, 10 Apr 2019 12:17:22 GMT",0,2,NA,NA,3,1,0,1
Exp 2,45,female,1,0,0,3,0,1,4213,14.296,23.06,134.722,"Wed, 10 Apr 2019 11:19:03 GMT",7,3,NA,NA,5,3,1,1
Exp 2,49,male,0,0,0,1,3,1,4213,19.721,23.098,113.368,"Wed, 10 Apr 2019 11:19:49 GMT",3,7,NA,NA,6,2,1,1
Exp 2,54,female,1,1,1,3,-2,1,3412,38.991,14.043,132.85,"Wed, 10 Apr 2019 11:35:09 GMT",3,0,NA,NA,3,3,0,1
Exp 2,28,male,0,0,0,6,3,1,2134,406.709,72.448,811.086,"Wed, 10 Apr 2019 11:26:32 GMT",1,9,NA,NA,7,1,1,1
Exp 2,32,male,1,1,0,4,0,1,3421,16.004,17.351,72.879,"Wed, 10 Apr 2019 11:15:44 GMT",5,3,NA,NA,4,3,0,1
Exp 2,60,female,1,1,0,4,1,1,4231,32.856,12.986,128.985,"Wed, 10 Apr 2019 12:02:22 GMT",0,10,NA,NA,7,1,1,1
Exp 2,28,female,0,0,0,4,-1,1,1243,74.663,15.95,196.92,"Wed, 10 Apr 2019 11:11:57 GMT",4,9,NA,NA,6,2,1,1
Exp 2,28,male,0,0,0,4,0,1,4231,28.211,15.43,82.285,"Wed, 10 Apr 2019 11:42:32 GMT",7,2,NA,NA,5,2,1,1
Exp 2,39,female,1,0,0,1,0,1,3124,16.869,48.955,125.564,"Wed, 10 Apr 2019 11:59:55 GMT",5,5,NA,NA,4,4,0,0
Exp 2,37,female,1,0,0,6,3,1,4213,42.216,53.784,277.202,"Wed, 10 Apr 2019 12:01:05 GMT",0,7,NA,NA,5,1,1,1
Exp 2,38,female,1,0,0,2,1,1,2134,31.902,29.1,118.748,"Wed, 10 Apr 2019 12:12:11 GMT",7,3,NA,NA,5,3,1,1
Exp 2,32,male,0,1,0,1,3,1,4123,20.237,22.252,76.225,"Wed, 10 Apr 2019 11:21:56 GMT",0,5,NA,NA,4,1,0,1
Exp 2,31,female,1,1,0,6,0,3,4213,13.39,13.072,59.844,"Wed, 10 Apr 2019 11:25:22 GMT",2,2,NA,NA,7,1,1,1
Exp 2,42,male,0,0,0,1,3,1,4132,36.37,12.992,196.394,"Wed, 10 Apr 2019 11:08:34 GMT",10,0,NA,NA,7,1,1,1
Exp 2,68,male,1,0,0,6,0,1,1234,47.888,35.734,198.013,"Wed, 10 Apr 2019 11:12:02 GMT",5,5,NA,NA,4,4,0,0
Exp 2,54,male,0,0,0,1,3,1,1234,25.776,33.377,122.001,"Wed, 10 Apr 2019 12:11:04 GMT",5,0,NA,NA,5,1,1,1
Exp 2,55,male,0,0,0,3,-1,1,4231,47.487,23.282,163.483,"Wed, 10 Apr 2019 11:11:39 GMT",5,4,NA,NA,3,3,0,1
Exp 2,28,male,0,1,0,3,0,1,3124,15.68,70.541,128.778,"Wed, 10 Apr 2019 11:27:50 GMT",5,5,NA,NA,4,4,0,0
Exp 2,49,male,0,0,0,1,2,3,3412,22.807,24.558,95.362,"Wed, 10 Apr 2019 11:56:07 GMT",7,4,NA,NA,5,3,1,1
Exp 2,35,female,1,0,0,4,2,1,3142,191.447,126.498,448.877,"Wed, 10 Apr 2019 11:23:28 GMT",4,9,NA,NA,7,1,1,1
Exp 2,59,female,0,1,1,5,0,1,3241,30.872,24.512,129.695,"Wed, 10 Apr 2019 12:11:14 GMT",5,5,NA,NA,4,5,0,0
Exp 2,30,male,0,0,0,2,0,1,1342,44.549,24.135,100.112,"Wed, 10 Apr 2019 12:16:00 GMT",1,7,NA,NA,6,1,1,1
Exp 2,45,female,1,0,0,1,0,1,1324,28.916,15.592,100.063,"Wed, 10 Apr 2019 11:32:58 GMT",0,10,NA,NA,5,2,1,1
Exp 2,28,male,0,1,1,1,3,1,3421,21.026,20.462,82.562,"Wed, 10 Apr 2019 11:56:15 GMT",2,9,NA,NA,7,1,1,1
Exp 2,29,female,1,1,0,4,0,1,2413,27.887,15.247,117.325,"Wed, 10 Apr 2019 11:07:49 GMT",9,0,NA,NA,7,3,1,1
Exp 2,30,male,0,1,0,2,2,1,1243,24.687,20.719,94.127,"Mon, 08 Apr 2019 11:14:00 GMT",0,8,NA,NA,5,1,1,1
Exp 2,40,male,1,0,0,2,3,1,2413,12.897,15.207,93.045,"Wed, 10 Apr 2019 11:29:42 GMT",4,1,NA,NA,7,2,1,1
Exp 2,63,male,0,0,0,3,-1,1,1243,42.04,13.313,146.9,"Wed, 10 Apr 2019 11:25:47 GMT",0,9,NA,NA,6,1,1,1
Exp 2,35,female,1,1,0,3,2,4,4312,10.297,11.669,77.407,"Wed, 10 Apr 2019 11:08:11 GMT",9,7,NA,NA,6,7,1,0
Exp 2,35,male,1,0,0,5,2,1,4312,21.394,21.471,78.176,"Wed, 10 Apr 2019 11:35:05 GMT",1,8,NA,NA,6,2,1,1
Exp 2,22,male,0,0,0,6,2,1,1324,13.175,11.434,151.939,"Wed, 10 Apr 2019 11:37:32 GMT",2,9,NA,NA,4,4,0,0
Exp 2,30,male,1,1,1,4,1,1,1234,48.055,35.08,161.213,"Wed, 10 Apr 2019 11:09:43 GMT",4,5,NA,NA,4,1,0,1
Exp 2,53,female,1,0,0,6,3,1,4312,34.249,18.819,150.933,"Wed, 10 Apr 2019 11:15:40 GMT",3,7,NA,NA,6,2,1,1
Exp 2,34,female,1,0,0,6,0,1,2413,18.432,15.491,83.197,"Wed, 10 Apr 2019 11:44:50 GMT",0,9,NA,NA,7,1,1,1
Exp 2,32,male,1,1,1,3,0,1,4321,22.697,12.296,66.865,"Wed, 10 Apr 2019 12:11:02 GMT",5,5,NA,NA,4,5,0,0
Exp 2,28,male,1,1,1,1,-3,1,4123,23.928,22.675,97.358,"Wed, 10 Apr 2019 11:40:27 GMT",1,10,NA,NA,7,7,1,0
Exp 2,40,male,0,0,0,3,0,1,2134,16.647,40.769,123.211,"Wed, 10 Apr 2019 11:12:16 GMT",5,6,NA,NA,5,4,1,0
Exp 2,41,male,0,1,1,3,1,2,4213,3.239,9.195,47.093,"Wed, 10 Apr 2019 11:26:15 GMT",0,10,NA,NA,7,1,1,1
Exp 2,27,male,0,1,1,6,2,1,2314,26.761,32.777,142.217,"Wed, 10 Apr 2019 11:09:06 GMT",8,2,NA,NA,6,2,1,1
Exp 2,35,female,0,1,1,5,3,4,3421,3.52,3.015,37.879,"Wed, 10 Apr 2019 23:37:34 GMT",10,0,NA,NA,6,7,1,0
Exp 2,46,female,1,1,0,5,0,1,1234,18.132,7.183,59.253,"Wed, 10 Apr 2019 11:51:13 GMT",0,10,NA,NA,7,1,1,1
Exp 2,41,male,1,0,0,6,0,1,2314,16.503,12.125,163.667,"Wed, 10 Apr 2019 11:57:21 GMT",0,0,NA,NA,4,1,0,1
Exp 2,52,female,1,0,0,3,0,1,1243,18.977,12.906,80.007,"Wed, 10 Apr 2019 12:08:41 GMT",7,3,NA,NA,6,3,1,1
Exp 2,52,male,1,0,0,5,1,1,2134,13.884,12.974,76.872,"Wed, 10 Apr 2019 11:07:23 GMT",5,5,NA,NA,2,5,0,0
Exp 2,37,female,1,1,1,4,0,1,2413,20.528,11.244,74.247,"Wed, 10 Apr 2019 11:51:51 GMT",10,3,NA,NA,7,2,1,1
Exp 2,40,male,0,1,1,1,3,1,1243,32.38,27.562,106.905,"Wed, 10 Apr 2019 11:07:55 GMT",9,0,NA,NA,7,1,1,1
Exp 2,32,female,0,1,0,6,0,1,1342,39.083,18.91,108.867,"Wed, 10 Apr 2019 11:08:53 GMT",2,9,NA,NA,5,2,1,1
Exp 2,34,male,1,0,0,4,0,1,1423,16.827,5.94,604.433,"Wed, 10 Apr 2019 11:30:50 GMT",5,0,NA,NA,7,1,1,1
Exp 2,51,male,1,0,0,5,2,1,2143,23.023,26.036,112.394,"Wed, 10 Apr 2019 12:07:52 GMT",1,5,NA,NA,5,1,1,1
